department_name,warehouse_id,warehouse_name,province_name,province_id,ward_code,ward_name,district_id,district_name,_col9
,"2,493",GHN Fulfillment Hà Nội - Đài Tư,Hà Nội,201,,,"1,491",Quận Long Biên,"2.1031749E1,1.05922618E2"
,"2,492",GHN Fulfillment HCM - Q12,Hồ Chí Minh,202,,,"1,454",Quận 12,"1.086131E1,1.0667086E2"
,"1,111",Bưu Cục Tech,Hồ Chí Minh,202,,,"1,452",Quận 10,"1.07695371E1,1.066636191E2"
,"11,112",KHO TECH TESTING 11112,Hồ Chí Minh,202,,,"1,452",Quận 10,"1.07694492E1,1.06663575E2"
,"22,222",KHO TECH TESTING 22222,Hồ Chí Minh,202,,,"1,452",Quận 10,"1.0769534E1,1.066636028E2"
,"11,111",KHO TECH TESTING 11111,Hồ Chí Minh,202,,,"1,452",Quận 10,"1.07694456E1,1.066635853E2"
,"1,905",Kho Trung Chuyển Hải Phòng,Hải Phòng,224,,,"1,588",Quận Lê Chân,"1.079641E-14,1.08049599E2"
,"11,113",KHO TECH TESTING 11113,Hồ Chí Minh,202,,,"1,452",Quận 10,"1.07694456E1,1.066635853E2"
,"1,100",Bưu cục TECH GHN 02,Hà Nội,201,,,"1,485",Quận Cầu Giấy,"1.07877567E1,1.066737018E2"
,"22,310,000",HN02 Sorting Crew 01,Hà Nội,201,,,"1,491",Quận Long Biên,"2.1033058923095584E1,1.059217335812912E2"
Region,"22,125,003",(BKA) ĐG Bằng Thành,Bắc Kạn,245,110803,Xã Bộc Bố,"3,249",Huyện Pác Nặm,"2.2611938E1,1.05665971E2"
Freight Operations Department,"22,222,003",Kho lấy hàng Ahamove Hà Nội,Hà Nội,201,1A0409,Phường Ngã Tư Sở,"1,486",Quận Đống Đa,"2.100627289644792E1,1.0582316526733261E2"
Freight Operations Department,"22,222,004",Kho giao hàng Ahamove Hà Nội,Hà Nội,201,1A0409,Phường Ngã Tư Sở,"1,486",Quận Đống Đa,"2.100627289644792E1,1.0582316526733261E2"
Freight Operations Department,"22,061,000",Kho lấy hàng Ahamove Bình Dương,Hồ Chí Minh,202,21014,Phường 14,"1,452",Quận 10,
Freight Operations Department,"22,222,002",Kho giao hàng Ahamove HCM,Hồ Chí Minh,202,21014,Phường 14,"1,452",Quận 10,"1.0E0,1.0E0"
Freight Operations Department,"22,062,000",Kho giao hàng Ahamove Bình Dương,Hồ Chí Minh,202,21014,Phường 14,"1,452",Quận 10,
Freight Operations Department,"22,222,001",Kho lấy hàng Ahamove HCM,Hồ Chí Minh,202,21014,Phường 14,"1,452",Quận 10,"1.0E0,1.0E0"
Freight Operations Department,"22,114,000", Kho giao hàng Ahamove Long An,Hồ Chí Minh,202,21014,Phường 14,"1,452",Quận 10,
Freight Operations Department,"22,065,000",Kho lấy hàng Ahamove Đà Nẵng,Hồ Chí Minh,202,21014,Phường 14,"1,452",Quận 10,
Freight Operations Department,"22,063,000",Kho lấy hàng Ahamove Đồng Nai,Hồ Chí Minh,202,21014,Phường 14,"1,452",Quận 10,
Network Department,"22,588,000",Network Team,Hồ Chí Minh,202,21014,Phường 14,"1,452",Quận 10,
Freight Operations Department,"22,113,000",Kho lấy hàng Ahamove Long An,Hồ Chí Minh,202,21014,Phường 14,"1,452",Quận 10,
Freight Operations Department,"22,064,000",Kho giao hàng Ahamove Đồng Nai,Hồ Chí Minh,202,21014,Phường 14,"1,452",Quận 10,
Freight Operations Department,"22,066,000",Kho giao hàng Ahamove Đà Nẵng,Hồ Chí Minh,202,21014,Phường 14,"1,452",Quận 10,
Region,"22,158,000",Kho nệm Hóc Môn - HCM,Hồ Chí Minh,202,22212,Xã Xuân Thới Thượng,"1,459",Huyện Hóc Môn,"1.08652713E1,1.065666603E2"
Region,"22,921,000",Kho Xuất Hàng Luân Chuyển Hà Nam 2,Hà Nam,232,240401,Thị trấn Vĩnh Trụ,"1,970",Huyện Lý Nhân,"2.0533582E1,1.06044605E2"
Region,"22,748,000",Kho Xuất Hàng Luân Chuyển Hà Nam,Hà Nam,232,240422,Xã Văn Lý,"1,970",Huyện Lý Nhân,"2.0582889E1,1.05992472E2"
Freight Operations Department,"23,065,000",Kho B2B Elmich - Hà Nam,Hà Nam,232,240601,Thị trấn Bình Mỹ,"1,897",Huyện Bình Lục,"2.0499537E1,1.05998524E2"
Freight Operations Department,"22,922,000",Điểm AHM Hải Phòng,Hải Phòng,224,31009,Xã Đồng Thái,"1,819",Huyện An Dương,"2.0848676E1,1.06625515E2"
Region,"22,051,001",(LDO) ĐG Đam Rông 4,Lâm Đồng,209,420605,Xã Đưng KNớ,"1,956",Huyện Lạc Dương,"1.2177149E1,1.08379573E2"
Region,"22,589,002",(BDU) ĐL Tân Hiệp,Bình Dương,205,440301,Phường Khánh Bình,"1,695",Thành phố Tân Uyên,"1.1020438E1,1.06771148E2"
Region,"21,098,000",Kho lấy B2B Concung,Bình Dương,205,440503,Phường Bình Thắng,"1,540",Thành phố Dĩ An,"1.0895991411524905E1,1.0674861535581918E2"
Region,"1,327",Key Account Warehouse Ho Chi Minh,Long An,211,490717,Xã Mỹ Hạnh Bắc,"1,929",Huyện Đức Hòa,"1.0893424E1,1.06525196E2"
Region,"20,663,003",(LDO) ĐG Bảo Lâm 5,Lâm Đồng,209,761205,Xã Lộc Bảo,"1,839",Huyện Bảo Lâm,"1.1741692E1,1.07655239E2"
Region,"21,303,000",Kho Sort tại điểm Sofia,Hồ Chí Minh,202,90743,Phường Linh Tây,"3,695",Thành Phố Thủ Đức,"1.08655958E1,1.0675692E2"
Region,"22,131,000",Kho Giao Hàng Nặng Event AHM Tân Triều-HNO,Hà Nội,201,1A1111,Xã Tân Triều,"1,710",Huyện Thanh Trì,"2.097465062340346E1,1.0579651921962919E2"
Region,"22,130,000",Kho Giao Hàng Nặng Event AHM Ngọc Hồi-HNO,Hà Nội,201,1A1113,Xã Tứ Hiệp,"1,710",Huyện Thanh Trì,"2.0944240969525577E1,1.0584641669999999E2"
Freight Operations Department,"22,464,000",Điểm giao lấy hàng SHEIN Cai Lậy-Tiền Giang,Tiền Giang,212,530401,Xã Bình Phú,"2,084",Huyện Cai Lậy,"1.0391296E1,1.0607116E2"
Freight Operations Department,"22,359,000",Điểm giao lấy hàng SHEIN Ô Môn-Cần Thơ,Cần Thơ,220,550401,Phường Châu Văn Liêm,"1,575",Quận Ô Môn,"1.011170140281789E1,1.0561951780643055E2"
Freight Operations Department,"22,358,000",Điểm giao lấy hàng SHEIN Ba Tri-Bến Tre,Bến Tre,213,560708,Xã An Phú Trung,"1,888",Huyện Ba Tri,"1.0064373603652866E1,1.0655197651862713E2"
Freight Operations Department,"22,364,000",Điểm giao lấy hàng SHEIN Tam Bình-Vĩnh Long,Vĩnh Long,215,570513,Xã Phú Thịnh,"2,008",Huyện Tam Bình,"1.0131799184651435E1,1.0588984357672557E2"
B2B Operations Department,"23,085,000",Kho B2B - Dĩ An - Bình Dương,Bình Dương,205,440504,Phường Dĩ An,"1,540",Thành phố Dĩ An,"1.0880285E1,1.0674755E2"
B2B Operations Department,"22,873,000",Kho B2B - Đức Hòa - Long An,Long An,211,490718,Xã Mỹ Hạnh Nam,"1,929",Huyện Đức Hòa,"1.0894144E1,1.06525165E2"
B2B Operations Department,"22,328,000",Kho B2B - Đài Tư - Hà Nội,Hà Nội,201,1A0912,Phường Thạch Bàn,"1,491",Quận Long Biên,"2.1033059E1,1.05921734E2"
B2B Operations Department,"22,958,000",Kho B2B Hưng Yên - Hưng Yên,Hưng Yên,268,220321,Xã Xuân Trúc,"1,825",Huyện Ân Thi,"2.0835019E1,1.06044908E2"
B2B Operations Department,"22,959,000",Kho lấy hàng Concung Hưng Yên,Hưng Yên,268,220804,Xã Dị Sử,"1,827",Thị xã Mỹ Hào,"2.0928585E1,1.06115084E2"
SME Department,"23,070,000",(HCM) KD Thới An,Hồ Chí Minh,202,21210,Phường Thới An,"1,454",Quận 12,"1.0880213E1,1.06654749E2"
SME Department,"22,729,000",(HCM) KD Hóc Môn,Hồ Chí Minh,202,22207,Xã Tân Xuân,"1,459",Huyện Hóc Môn,"1.0879482E1,1.06609367E2"
SME Department,"22,729,001",(HCM) ĐL Xuân Thới Sơn,Hồ Chí Minh,202,22211,Xã Xuân Thới Sơn,"1,459",Huyện Hóc Môn,"1.0880286E1,1.065709E2"
SME Department,"23,029,000",(HCM) KD Tăng Nhơn Phú,Hồ Chí Minh,202,20911,Phường Tăng Nhơn Phú A,"1,451",Quận 9,"1.0852153E1,1.06794065E2"
SME Department,"22,654,000",(HCM) KD Thông Tây Hội,Hồ Chí Minh,202,21315,Phường 8,"1,461",Quận Gò Vấp,"1.0843264E1,1.06641701E2"
SME Department,"23,096,000",(HCM) KD Tân Bình,Hồ Chí Minh,202,21414,Phường 14,"1,455",Quận Tân Bình,"1.0807575E1,1.06646336E2"
SME Department,"22,820,000",(HCM) KD Tân Sơn Nhì,Hồ Chí Minh,202,21506,Phường Sơn Kỳ,"1,456",Quận Tân Phú,"1.0802256E1,1.06621186E2"
SME Department,"22,668,000",(HCM) KD Bình Hưng Hòa,Hồ Chí Minh,202,21903,Phường Bình Hưng Hòa,"1,458",Quận Bình Tân,"1.0789971E1,1.06602248E2"
SME Department,"23,074,000",(HCM) KD Tân Vĩnh Lộc,Hồ Chí Minh,202,22016,Xã Vĩnh Lộc B,"1,533",Huyện Bình Chánh,"1.08186E1,1.06579461E2"
SME Department,"22,766,000",(HNO) KD Tây Mỗ,Hà Nội,201,13008,Phường Tây Mỗ,"3,440",Quận Nam Từ Liêm,"2.0995833E1,1.05747085E2"
SME Department,"22,781,000",(HNO) KD Dương Nội,Hà Nội,201,1B1503,Phường Dương Nội,"1,542",Quận Hà Đông,"2.0987707E1,1.0573873E2"
SME Department,"23,075,000",(HNO) KD Phúc La,Hà Nội,201,1B1512,Phường Phúc La,"1,542",Quận Hà Đông,"2.0955356E1,1.05771516E2"
SME Department,"23,071,000",(HNO) KD Đông Anh,Hà Nội,201,1A1317,Xã Uy Nỗ,"1,582",Huyện Đông Anh,"2.1150352E1,1.05846098E2"
SME Department,"22,391,000",(HNO) KD Quảng Oai,Hà Nội,201,1B1701,Thị trấn Tây Đằng,"1,803",Huyện Ba Vì,"2.1181108E1,1.05402796E2"
SME Department,"23,028,000",(HNO) KD Đống Đa,Hà Nội,201,1A0408,Phường Nam Đồng,"1,486",Quận Đống Đa,"2.1017187E1,1.05828955E2"
SME Department,"22,534,000",(HNO) KD Định Công,Hà Nội,201,1A0801,Phường Đại Kim,"1,490",Quận Hoàng Mai,"2.0979261E1,1.0583584E2"
SME Department,"22,756,000",(HNO) KD Thanh Liệt,Hà Nội,201,1A1112,Xã Thanh Liệt,"1,710",Huyện Thanh Trì,"2.097725E1,1.05799472E2"
SME Department,"22,728,000",(HNO) KD Tây Tựu,Hà Nội,201,11006,Phường Minh Khai,"1,482",Quận Bắc Từ Liêm,"2.1064513E1,1.05743779E2"
SME Department,"23,026,000",(HNO) KD Cầu Giấy,Hà Nội,201,1A0601,Phường Dịch Vọng,"1,485",Quận Cầu Giấy,"2.1037004E1,1.05793943E2"
SME Department,"22,798,000",(HNO) KD Phù Đổng,Hà Nội,201,1A1216,Xã Ninh Hiệp,"1,703",Huyện Gia Lâm,"2.1092677E1,1.05934155E2"
SME Department,"22,815,000",(HYE) KD Việt Yên,Hưng Yên,268,220512,Xã Thanh Long,"1,828",Huyện Yên Mỹ,"2.0889699E1,1.06025016E2"
SME Department,"23,081,000",(HYE) KD Đại Đồng ,Hưng Yên,268,220903,Xã Đại Đồng,"2,046",Huyện Văn Lâm,"2.0965676E1,1.061209E2"
SME Department,"22,994,000",(HYE) KD Văn Giang,Hưng Yên,268,221001,Thị trấn Văn Giang,"2,045",Huyện Văn Giang,"2.096092E1,1.05953895E2"
SME Department,"22,983,000",(THO) KD Hạc Thành,Thanh Hóa,234,280109,Phường Đông Vệ,"1,616",Thành phố Thanh Hóa,"1.9789927E1,1.05785478E2"
SME Department,"23,094,000",(THO) KD Yên Định,Thanh Hóa,234,282701,Thị trấn Quán Lào,"1,875",Huyện Yên Định,"1.9966938E1,1.05658793E2"
Region,"23,036,000",BTB Linehaul Team,Hồ Chí Minh,202,21014,Phường 14,"1,452",Quận 10,
Region,"22,120,000",BTB Sorting Team,Hồ Chí Minh,202,21014,Phường 14,"1,452",Quận 10,
Region,"1,910",Kho Trung Chuyển Nghệ An,Nghệ An,235,291814,Xã Hưng Tây,"1,947",Huyện Hưng Nguyên,"1.8687158E1,1.05622124E2"
Region,"20,728,000",Kho Chuyển Tiếp Thanh Hóa,Thanh Hóa,234,800206,Phường An Hưng,"1,616",Thành phố Thanh Hóa,"1.9787675E1,1.05752503E2"
Region,"23,000,000",DBB Linehaul Team,Hồ Chí Minh,202,21014,Phường 14,"1,452",Quận 10,
Region,"23,022,000",Kho Chuyển Tiếp Thái Nguyên,Thái Nguyên,244,120210,Xã Tân Quang,"1,684",Thành Phố Sông Công,"2.1527202E1,1.0586738E2"
Region,"22,903,000",DBB Sorting Team,Hồ Chí Minh,202,21014,Phường 14,"1,452",Quận 10,
Region,"20,813,000",Kho Chuyển Tiếp Tuyên Quang,Tuyên Quang,228,90113,Xã Tràng Đà,"1,601",Thành phố Tuyên Quang,"2.1845475E1,1.05208044E2"
Region,"23,003,000",DNB Linehaul Team,Hồ Chí Minh,202,21014,Phường 14,"1,452",Quận 10,
Region,"22,906,000",DNB Sorting Team,Hồ Chí Minh,202,21014,Phường 14,"1,452",Quận 10,
Region,"20,970,000",Kho Chuyển Tiếp Bình Phước,Bình Phước,239,430103,Phường Tân Phú,"1,625",Thành phố Đồng Xoài,"1.15378066E1,1.068860429E2"
Region,"20,757,000",Kho Chuyển Tiếp Đồng Nai,Đồng Nai,204,480107,Phường Long Bình,"1,536",Thành phố Biên Hòa,"1.09259722E1,1.069171389E2"
Region,"23,001,000",DSH Linehaul Team,Hồ Chí Minh,202,21014,Phường 14,"1,452",Quận 10,
Sorting Centers,"22,228,000",DTSC Linehaul Team,Hồ Chí Minh,202,21014,Phường 14,"1,452",Quận 10,
Sorting Centers,"22,892,000",Thanh Lý HN,Hà Nội,201,1A0909,Phường Phúc Đồng,"1,491",Quận Long Biên,"2.1033059E1,1.05921734E2"
Sorting Centers,"1,121",Kho Trung Chuyển Hà Nội 02,Hà Nội,201,1A0909,Phường Phúc Đồng,"1,491",Quận Long Biên,"2.1033058923095584E1,1.059217335812912E2"
Sorting Centers,"22,042,000",Kho Xử Lý Ngoại Lệ Cụm KTC Đài Tư,Hà Nội,201,1A0909,Phường Phúc Đồng,"1,491",Quận Long Biên,"2.1033058923095584E1,1.059217335812912E2"
Sorting Centers,"23,023,000",Kho Chuyển Tiếp Long Biên-Hà Nội,Hà Nội,201,1A0911,Phường Sài Đồng,"1,491",Quận Long Biên,"2.1033059E1,1.05921734E2"
Sorting Centers,"22,487,000",Kho Trung Chuyển Hà Nội 03,Hà Nội,201,1A0912,Phường Thạch Bàn,"1,491",Quận Long Biên,"2.1017028E1,1.05920152E2"
Sorting Centers,"21,513,000",Kho Trung Chuyển Dương Xá,Hà Nội,201,1A1211,Xã Dương Xá,"1,703",Huyện Gia Lâm,"2.09976891E1,1.059734729E2"
Sorting Centers,"22,989,000",Kho Chuyển Tiếp Đông Anh-Hà Nội,Hà Nội,201,1A1313,Xã Nguyên Khê,"1,582",Huyện Đông Anh,"2.117109E1,1.0583936E2"
Sorting Centers,"23,054,000",Kho Chuyển Tiếp Thanh Oai-Hà Nội,Hà Nội,201,1B2402,Xã Bích Hòa,"1,809",Huyện Thanh Oai,"2.0926702E1,1.05755225E2"
Sorting Centers,"22,238,000",DTSC Sorting Team,Hồ Chí Minh,202,21014,Phường 14,"1,452",Quận 10,
Region,"21,969,000",Kho Giao Hàng Nặng Event AHM-HCM,Hồ Chí Minh,202,21015,Phường 15,"1,452",Quận 10,"1.0782418048953314E1,1.066649338E2"
Region,"21,712,000",Kho Giao Hàng Nặng - Tân Bình - HCM,Hồ Chí Minh,202,21903,Phường Bình Hưng Hòa,"1,458",Quận Bình Tân,"1.0818056E1,1.0660933E2"
Region,"21,122,000",Kho Giao Hàng Nặng - Hồ Chí Minh,Long An,211,490701,Thị trấn Đức Hòa,"1,929",Huyện Đức Hòa,"1.0893424E1,1.06525196E2"
Region,"22,957,000",Kho Giao Hàng Nặng - Tân Thuận - Hồ Chí Minh,Hồ Chí Minh,202,20710,Phường Tân Thuận Tây,"1,449",Quận 7,"1.0751101E1,1.0673218E2"
Region,"21,606,000",Kho Giao Hàng Nặng - Tân Tạo - HCM,Hồ Chí Minh,202,21909,Phường Tân Tạo,"1,458",Quận Bình Tân,"1.0767202E1,1.0658264E2"
Region,"21,965,000",Kho Giao Hàng Nặng - Nhà Bè - HCM,Hồ Chí Minh,202,22304,Xã Nhơn Đức,"1,534",Huyện Nhà Bè,"1.0670807044726775E1,1.0671997419632811E2"
Region,"21,463,000",Kho Giao Hàng Nặng - Thủ Đức - HCM,Bình Dương,205,440503,Phường Bình Thắng,"1,540",Thành phố Dĩ An,"1.0897358692121085E1,1.0681564472883615E2"
Region,"22,995,000",Kho Giao Hàng Nặng - Độc Lập - HCM,Bình Dương,205,440504,Phường Dĩ An,"1,540",Thành phố Dĩ An,"1.088001E1,1.0674694E2"
Region,"23,004,000",HCM Linehaul Team,Hồ Chí Minh,202,21014,Phường 14,"1,452",Quận 10,
Region,"22,838,000",Điểm AHM Long Biên,Hà Nội,201,1A0912,Phường Thạch Bàn,"1,491",Quận Long Biên,"2.1017028454753756E1,1.0592015184047456E2"
Region,"22,584,000",Kho Giao Hàng Nặng - Đức Long -  Hà Nội,Hà Nội,201,91261,Xã Phú Sơn,"1,703",Huyện Gia Lâm,"2.1022807E1,1.05971157E2"
Region,"21,452,000",Kho Giao Hàng Nặng - Bắc Từ Liêm - Hà Nội,Hà Nội,201,11011,Phường Thụy Phương,"1,482",Quận Bắc Từ Liêm,"2.1085149E1,1.05773106E2"
Region,"23,037,000",HNO Linehaul Team,Hồ Chí Minh,202,21014,Phường 14,"1,452",Quận 10,
Sorting Centers,"22,231,000",HYSC Linehaul Team,Hồ Chí Minh,202,21014,Phường 14,"1,452",Quận 10,
Sorting Centers,"22,239,000",HYSC Sorting Team,Hồ Chí Minh,202,21014,Phường 14,"1,452",Quận 10,
Sorting Centers,"22,911,000",Kho Xử Lý Ngoại Lệ Hưng Yên,Hưng Yên,268,220321,Xã Xuân Trúc,"1,825",Huyện Ân Thi,"2.0836869E1,1.06044989E2"
Sorting Centers,"21,365,000",Kho Trung Chuyển Hưng Yên 01,Hưng Yên,268,220321,Xã Xuân Trúc,"1,825",Huyện Ân Thi,"2.0836869E1,1.06044989E2"
Region,"22,102,000",Kho B2B Samsung SDS,Bắc Ninh,249,190509,Xã Phù Chẩn,"1,730",Thị xã Từ Sơn,"2.1081638E1,1.05971591E2"
Region,"21,571,000",Kho lấy hàng Freight Hà Nội,Hà Nội,201,1A0910,Phường Phúc Lợi,"1,491",Quận Long Biên,"2.1033005E1,1.05921767E2"
Region,"1,297",Key Account Warehouse Ha Noi,Hà Nội,201,1A0912,Phường Thạch Bàn,"1,491",Quận Long Biên,"2.1016452E1,1.05919832E2"
Sorting Centers,"22,230,000",M12 Linehaul Team,Hồ Chí Minh,202,21014,Phường 14,"1,452",Quận 10,
Sorting Centers,"22,236,000",M12 Sorting Team,Hồ Chí Minh,202,21014,Phường 14,"1,452",Quận 10,
Sorting Centers,"2,388",Kho Trung Chuyển Hồ Chí Minh 20,Hồ Chí Minh,202,21903,Phường Bình Hưng Hòa,"1,458",Quận Bình Tân,"1.0817911679307754E1,1.0660899496481565E2"
Sorting Centers,"22,491,000",Kho Trung Chuyển Hồ Chí Minh 21,Hồ Chí Minh,202,21903,Phường Bình Hưng Hòa,"1,458",Quận Bình Tân,"1.0817912E1,1.06608995E2"
Sorting Centers,"22,343,000",Kho Xử Lý Ngoại Lệ Cụm KTC M12,Hồ Chí Minh,202,21903,Phường Bình Hưng Hòa,"1,458",Quận Bình Tân,"1.0817912E1,1.06608995E2"
Sorting Centers,"22,891,000",Thanh Lý HCM,Hồ Chí Minh,202,21903,Phường Bình Hưng Hòa,"1,458",Quận Bình Tân,"1.0817912E1,1.06608995E2"
Sorting Centers,"22,883,000",Kho Chuyển Tiếp Sóng Thần-Bình Dương,Bình Dương,205,440504,Phường Dĩ An,"1,540",Thành phố Dĩ An,"1.0880083E1,1.06747361E2"
Freight Operations Department,"21,337,000",Kho Giao Hàng Nặng - Tân Bình - Hải Dương,Hải Dương,225,210111,Phường Tân Bình,"1,598",Thành phố Hải Dương,"2.0934271E1,1.06281435E2"
Freight Operations Department,"21,084,000",Kho Giao Hàng Nặng - An Dương - Hải Phòng,Hải Phòng,224,30402,Phường Đồng Hoà,"1,590",Quận Kiến An,"2.0848707E1,1.0662547E2"
Freight Operations Department,"22,423,000",Kho Giao Hàng Nặng - Ân Thi - Hưng Yên,Hưng Yên,268,220321,Xã Xuân Trúc,"1,825",Huyện Ân Thi,"2.0835345E1,1.06045293E2"
Freight Operations Department,"21,155,000",Kho Giao Hàng Nặng - Đông Hưng - Thái Bình,Thái Bình,226,260423,Xã Đông Sơn,"1,715",Huyện Đông Hưng,"2.0577348E1,1.06367968E2"
Freight Operations Department,"21,085,000",Kho Giao Hàng Nặng - TP Thái Nguyên - Thái Nguyên,Thái Nguyên,244,120101,Phường Cam Giá,"1,639",Thành phố Thái Nguyên,"2.1501389E1,1.05871611E2"
Freight Operations Department,"21,152,000",Kho Giao Hàng Nặng - Việt Yên - Bắc Giang,Bắc Giang,248,180901,Thị trấn Bích Động,"1,763",Huyện Việt Yên,"2.1265518E1,1.06113707E2"
Freight Operations Department,"22,296,000",Kho Giao Hàng Nặng - Tiên Du - Bắc Ninh,Bắc Ninh,249,190406,Xã Lạc Vệ,"1,729",Huyện Tiên Du,"2.1115454E1,1.06079227E2"
Freight Operations Department,"21,157,000",Kho Giao Hàng Nặng - TP Lạng Sơn - Lạng Sơn,Lạng Sơn,247,100104,Phường Tam Thanh,"1,642",Thành phố Lạng Sơn,"2.1847931E1,1.06749208E2"
Freight Operations Department,"21,153,000",Kho Giao Hàng Nặng - TP Hạ Long - Quảng Ninh,Quảng Ninh,230,170107,Phường Hà Khánh,"1,604",Thành phố Hạ Long,"2.100124E1,1.07106321E2"
Freight Operations Department,"23,087,000",Kho Giao Hàng Nặng - Mạo Khê - Quảng Ninh,Quảng Ninh,230,171005,Phường Mạo Khê,"3,185",Thị xã Đông Triều,"2.1053313E1,1.0659782E2"
Freight Operations Department,"21,159,000",Kho Giao Hàng Nặng - TP Tuyên Quang - Tuyên Quang,Tuyên Quang,228,90105,Phường Tân Hà,"1,601",Thành phố Tuyên Quang,"2.1845475E1,1.05208044E2"
Freight Operations Department,"21,161,000",Kho Giao Hàng Nặng - TP Yên Bái - Yên Bái,Yên Bái,263,130103,Phường Hợp Minh,"1,674",Thành phố Yên Bái,"2.1698309E1,1.04858313E2"
Freight Operations Department,"21,321,001",Kho Giao Hàng Nặng - TP Sơn La - Sơn La,Sơn La,266,140104,Phường Chiềng Sinh,"1,677",Thành phố Sơn La,"2.1269413E1,1.03981116E2"
Freight Operations Department,"21,160,000",Kho Giao Hàng Nặng - Việt Trì - Phú Thọ,Phú Thọ,229,150102,Phường Bến Gót,"1,602",Thành phố Việt Trì,"2.132625E1,1.053248889E2"
Freight Operations Department,"23,064,000",Kho B2B Supra - Phú Thọ,Phú Thọ,229,150404,Xã Đỗ Sơn,"3,290",Huyện Thanh Ba,"2.1388466E1,1.05179775E2"
Freight Operations Department,"23,083,000",Kho Giao Hàng Nặng - Điện Biên Phủ - Điện Biên,Điện Biên,265,620105,Phường Tân Thanh,"1,676",Thành phố Điện Biên Phủ,"2.1398583E1,1.03018784E2"
Freight Operations Department,"23,084,000",Kho Giao Hàng Nặng - Tân Phong - Lai Châu,Lai Châu,264,70105,Phường Tân Phong,"1,675",Thành phố Lai Châu,"2.2399986E1,1.03469628E2"
Freight Operations Department,"21,158,000",Kho Giao Hàng Nặng - TP Lào Cai - Lào Cai,Lào Cai,269,80105,Phường Duyên Hải,"1,682",Thành phố Lào Cai,"2.2499907E1,1.03958048E2"
Freight Operations Department,"23,052,000",Kho Giao Hàng Nặng - Sa Pa - Lào Cai,Lào Cai,269,80509,Xã Sa Pả,"2,005",Thị xã Sa Pa,"2.2348706E1,1.03856324E2"
Freight Operations Department,"21,156,000",Kho Giao Hàng Nặng - TP Hòa Bình - Hòa Bình,Hòa Bình,267,90796,Phường Quỳnh Lâm,"1,678",Thành phố Hòa Bình,"2.0799334E1,1.05356854E2"
Freight Operations Department,"21,310,000",Kho Giao Hàng Nặng - Bình Xuyên - Vĩnh Phúc,Vĩnh Phúc,221,160606,Xã Hương Sơn,"1,732",Huyện Bình Xuyên,"2.1245285E1,1.05678368E2"
Freight Operations Department,"21,151,000",Kho Giao Hàng Nặng - Nho Quan - Ninh Bình,Ninh Bình,233,270308,Xã Gia Tường,"3,247",Huyện Nho Quan,"2.0353472E1,1.05794278E2"
Freight Operations Department,"21,154,000",Kho Giao Hàng Nặng - Mỹ Lộc - Nam Định,Nam Định,231,91411,Phường Hưng Lộc,"1,613",Thành phố Nam Định,"2.0405022E1,1.06148277E2"
Freight Operations Department,"21,086,000",Kho Giao Hàng Nặng - Đông Thọ - Thanh Hoá,Thanh Hóa,234,280108,Phường Đông Thọ,"1,616",Thành phố Thanh Hóa,"1.9831793E1,1.05766095E2"
Freight Operations Department,"22,300,000",Shein KCN Bãi Bùi-Lang Chánh-Thanh Hóa,Thanh Hóa,234,281101,Thị trấn Lang Chánh,"3,216",Huyện Lang Chánh,"2.014663E1,1.05245101E2"
Freight Operations Department,"22,261,000",Shein CTY Khởi Nghiệp Thôn 1-Triệu Sơn-Thanh Hoá,Thanh Hóa,234,281829,Xã Thọ Tiến,"2,249",Huyện Triệu Sơn,"1.9840135E1,1.05494716E2"
Freight Operations Department,"22,262,000",Shein Lê Thị Khuyên Thọ Đông-Nông Cống-Thanh Hoá,Thanh Hóa,234,281918,Xã Thăng Thọ,"2,181",Huyện Nông Cống,"1.9575479E1,1.05659051E2"
Freight Operations Department,"22,281,000",Shein 24 Đường Số 1-Hoằng Hóa-Thanh Hóa,Thanh Hóa,234,282243,Xã Hoằng Yến,"1,748",Huyện Hoằng Hóa,"1.9867698E1,1.05916517E2"
Freight Operations Department,"21,095,000",Kho Giao Hàng Nặng - Vinh - Nghệ An,Nghệ An,235,290118,Xã Hưng Đông,"1,617",Thành phố Vinh,"1.8711082E1,1.05654097E2"
Freight Operations Department,"21,682,000",Kho Giao Hàng Nặng - Thạch Linh - Hà Tĩnh,Hà Tĩnh,236,300107,Phường Thạch Linh,"1,618",Thành phố Hà Tĩnh,"1.8316422E1,1.0588012E2"
Freight Operations Department,"22,279,000",Shopee Đường 10B KCN Hòa Khánh-Hòa Vang-Đà Nẵng,Đà Nẵng,203,40604,Xã Hòa Liên,"1,687",Huyện Hòa Vang,"1.6090581E1,1.08109683E2"
Freight Operations Department,"22,377,000",Shein Thị Trấn Bút Sơn-Hoàng Hóa-Thanh Hóa,Thanh Hóa,234,800141,Thị Trấn Bút Sơn,"1,748",Huyện Hoằng Hóa,"1.986561E1,1.05853538E2"
Freight Operations Department,"22,379,000",Shein Nhà 29 đường 4-Hoằng Hóa-Thanh Hóa,Thanh Hóa,234,282231,Xã Hoằng Thắng,"1,748",Huyện Hoằng Hóa,"1.9830661E1,1.05870315E2"
Freight Operations Department,"21,283,000",Kho Giao Hàng Nặng - Đồng Hới - Quảng Bình,Quảng Bình,237,310102,Phường Bắc Nghĩa,"1,619",Thành phố Đồng Hới,"1.7471622E1,1.06581619E2"
Freight Operations Department,"21,521,000",Kho Giao Hàng Nặng - Đông Hà - Quảng Trị,Quảng Trị,238,320107,Phường Đông Lễ,"1,620",Thành phố Đông Hà,"1.6816234E1,1.07078681E2"
Freight Operations Department,"21,096,000",Kho Giao Hàng Nặng - Hương Thủy - Huế,Thừa Thiên Huế,223,330603,Phường Thủy Dương,"1,698",Thị xã Hương Thủy,"1.6407585E1,1.07589418E2"
Freight Operations Department,"21,483,000",Kho Giao Hàng Nặng - Tam Kỳ - Quảng Nam,Quảng Nam,243,340108,Phường Tân Thạnh,"1,631",Thành phố Tam Kỳ,"1.5543634E1,1.08491365E2"
Freight Operations Department,"21,386,000",Kho Giao Hàng Nặng - Hội An - Quảng Nam,Quảng Nam,243,340210,Xã Cẩm Hà,"1,632",Thành phố Hội An,"1.589451E1,1.0830782E2"
Freight Operations Department,"21,284,000",Kho Giao Hàng Nặng - Quảng Ngãi - Quảng Ngãi,Quảng Ngãi,242,350103,Phường Nghĩa Chánh,"1,630",Thành phố Quảng Ngãi,"1.5111139E1,1.08818278E2"
Freight Operations Department,"22,378,000",Concung342 Phạm Văn Đồng-Nghĩa Hành-Quảng Ngãi,Quảng Ngãi,242,350801,Thị trấn Chợ Chùa,"1,988",Huyện Nghĩa Hành,"1.5050356E1,1.08777322E2"
Freight Operations Department,"22,602,000",Kho Lấy Hàng tại điểm Samsung Đà Nẵng,Đà Nẵng,203,40503,Phường Hòa Khánh Bắc,"1,530",Quận Liên Chiểu,"1.6088487E1,1.08126474E2"
Freight Operations Department,"21,089,000",Kho Giao Hàng Nặng - Liên Chiểu - Đà Nẵng,Đà Nẵng,203,40503,Phường Hòa Khánh Bắc,"1,530",Quận Liên Chiểu,"1.6086153E1,1.0813946E2"
Freight Operations Department,"22,764,000",Kho Lấy Hàng tại điểm Aqua Đà Nẵng,Đà Nẵng,203,40604,Xã Hòa Liên,"1,687",Huyện Hòa Vang,"1.60878E1,1.0810646E2"
Freight Operations Department,"22,059,000",Kho Giao Hàng Nặng - Hoà Xuân - Đà Nẵng,Đà Nẵng,203,40705,Phường Hòa Xuân,"1,531",Quận Cẩm Lệ,"1.6007812E1,1.08228222E2"
Freight Operations Department,"21,162,000",Kho Giao Hàng Nặng - Thắng Lợi - Kon Tum,Kon Tum,259,360107,Phường Thắng Lợi,"1,660",Thành phố Kon Tum,"1.4373095E1,1.08002808E2"
Freight Operations Department,"21,091,000",Kho Giao Hàng Nặng - Pleiku - Gia Lai,Gia Lai,207,380121,Xã Ia Kênh,"1,546",Thành phố Pleiku,"1.3936775E1,1.07990973E2"
Freight Operations Department,"21,090,000",Kho Giao Hàng Nặng - Buôn Ma Thuột - Đắk Lắk,Đắk Lắk,210,400114,Xã Cư ÊBur,"1,552",Thành phố Buôn Ma Thuột,"1.2747843E1,1.08074122E2"
Freight Operations Department,"22,280,000",Shein Lô C21 - C24 KCN Hòa Phú-Buôn Ma Thuột-Đắk Lắk,Đắk Lắk,210,400118,Xã Hòa Phú,"1,552",Thành phố Buôn Ma Thuột,"1.2597393E1,1.07944573E2"
Freight Operations Department,"22,782,000",Kho Giao Hàng Nặng - Buôn Hồ - Đắk Lắk,Đắk Lắk,210,401501,Phường An Bình,"1,788",Thị xã Buôn Hồ,"1.2906368E1,1.08254054E2"
Freight Operations Department,"21,525,000",Kho Giao Hàng Nặng - Gia Nghĩa - Đắk Nông,Đắk Nông,241,630102,Phường Nghĩa Phú,"1,627",Thành phố Gia Nghĩa,"1.197695E1,1.07650228E2"
Freight Operations Department,"22,168,000",Kho Giao Hàng Nặng - Hoài Nhơn - Bình Định,Bình Định,262,370402,Thị trấn Bồng Sơn,"1,771",Thị xã Hoài Nhơn,"1.4426287E1,1.09002017E2"
Freight Operations Department,"21,087,000",Kho Giao Hàng Nặng - Quy Nhơn - Bình Định,Bình Định,262,371103,Xã Phước An,"2,023",Huyện Tuy Phước,"1.3712944E1,1.09172556E2"
Freight Operations Department,"21,347,000",Kho Giao Hàng Nặng - Tuy Hoà - Phú Yên,Phú Yên,260,390109,Phường 9,"1,663",Thành phố Tuy Hòa,"1.3118319E1,1.09294578E2"
Freight Operations Department,"21,094,000",Kho Giao Hàng Nặng - Nha Trang - Khánh Hoà,Khánh Hòa,208,410602,Phường Cam Linh,"1,664",Thành phố Cam Ranh,"1.2286755E1,1.091395E2"
Freight Operations Department,"21,498,000",Kho Giao Hàng Nặng - Cam Ranh - Khánh Hoà,Khánh Hòa,208,410606,Phường Cam Phú,"1,664",Thành phố Cam Ranh,"1.1920917E1,1.0916275E2"
Freight Operations Department,"21,163,000",Kho Giao Hàng Nặng - Phan Rang - Ninh Thuận,Ninh Thuận,261,450201,Thị trấn Tân Sơn,"1,855",Huyện Ninh Sơn,"1.1591943E1,1.08973976E2"
Freight Operations Department,"22,057,000",Kho Giao Hàng Nặng - Tuy Phong - Bình Thuận,Bình Thuận,258,470210,Xã Phước Thể,"1,781",Huyện Tuy Phong,"1.1243172E1,1.08730123E2"
Freight Operations Department,"21,285,000",Kho Giao Hàng Nặng - Phan Thiết - Bình Thuận,Bình Thuận,258,470409,Xã Hàm Liêm,"1,777",Huyện Hàm Thuận Bắc,"1.0955439E1,1.0810091E2"
Freight Operations Department,"22,028,000",Kho Giao Hàng Nặng - La Gi - Bình Thuận,Bình Thuận,258,471006,Xã Tân Bình,"1,778",Thị xã La Gi,"1.0694467E1,1.07775586E2"
Freight Operations Department,"21,985,000",Kho Giao Hàng Nặng - Bình Thủy - Cần Thơ,Cần Thơ,220,550202,Phường Bình Thủy,"1,573",Quận Bình Thủy,"1.0007936E1,1.05796904E2"
Freight Operations Department,"21,351,000",Kho Giao Hàng Nặng TNB,Cần Thơ,220,550204,Phường Long Hòa,"1,573",Quận Bình Thủy,"1.0008181E1,1.05796953E2"
Freight Operations Department,"21,088,000",Kho Giao Hàng Nặng - Cái Răng - Cần Thơ,Cần Thơ,220,550204,Phường Long Hòa,"1,573",Quận Bình Thủy,"1.0008139E1,1.05796985E2"
Freight Operations Department,"22,917,000",Kho Giao Hàng Nặng - Ô Môn - Cần Thơ,Cần Thơ,220,550402,Phường Long Hưng,"1,575",Quận Ô Môn,"1.0153521E1,1.05570029E2"
Freight Operations Department,"22,862,000",Kho Giao Hàng Nặng - TP Vị Thanh - Hậu Giang,Hậu Giang,250,640104,Phường V,"1,653",Thành phố Vị Thanh,"9.778515E0,1.05487824E2"
Freight Operations Department,"21,292,000",Kho Giao Hàng Nặng - TP Cao Lãnh - Đồng Tháp,Đồng Tháp,216,500108,Phường Mỹ Phú,"1,564",Thành phố Cao Lãnh,"1.046267E1,1.05643824E2"
Freight Operations Department,"22,054,000",Kho Giao Hàng Nặng - Tam Nông - Đồng Tháp,Đồng Tháp,216,500503,Xã An Long,"2,011",Huyện Tam Nông,"1.0680187E1,1.05387981E2"
Freight Operations Department,"21,441,000",Kho Giao Hàng Nặng - TP Rạch Giá - Kiên Giang,Kiên Giang,219,540102,Phường An Hòa,"1,570",Thành phố Rạch Giá,"9.938541934285189E0,1.0513191437916952E2"
Freight Operations Department,"22,187,000",Kho Giao Hàng Nặng - TP Hà Tiên - Kiên Giang,Kiên Giang,219,540203,Phường Pháo Đài,"2,058",Thành phố Hà Tiên,"1.0377385893456035E1,1.0446898129818108E2"
Freight Operations Department,"21,566,000",Kho Giao Hàng Nặng - TP Vĩnh Long - Vĩnh Long,Vĩnh Long,215,570107,Phường 9,"1,562",Thành phố Vĩnh Long,"1.0241599E1,1.05949752E2"
Freight Operations Department,"22,067,000",Kho Giao Hàng Nặng - TP Tân An - Long An,Long An,211,490104,Phường 4,"1,554",Thành phố Tân An,"1.0513259E1,1.06422315E2"
Freight Operations Department,"21,092,000",Kho Giao Hàng Nặng - Đức Hòa - Long An,Long An,211,490717,Xã Mỹ Hạnh Bắc,"1,929",Huyện Đức Hòa,"1.0893424E1,1.06525196E2"
Freight Operations Department,"22,159,000",Kho Giao Hàng Nặng - TP Mỹ Tho - Tiền Giang,Tiền Giang,212,530107,Phường 6,"1,556",Thành phố Mỹ Tho,"1.0364243E1,1.0632807E2"
Freight Operations Department,"22,953,000",Kho Giao Hàng Nặng - Gò Công - Tiền Giang,Tiền Giang,212,530203,Phường 3,"2,057",Thị xã Gò Công,"1.0369932E1,1.06676349E2"
Freight Operations Department,"22,496,000",Kho Giao Hàng Nặng - TX Cai Lậy - Tiền Giang,Tiền Giang,212,531107,Xã Long Khánh,"2,055",Thị Xã Cai Lậy,"1.03916E1,1.06133388E2"
Freight Operations Department,"21,291,000",Kho Giao Hàng Nặng - TP Bến Tre - Bến Tre,Bến Tre,213,560107,Phường 7,"1,558",Thành phố Bến Tre,"1.02365337E1,1.063604106E2"
Freight Operations Department,"21,988,000",Kho Giao Hàng Nặng - TP Trà Vinh - Trà Vinh,Trà Vinh,214,580107,Phường 7,"1,560",Thành phố Trà Vinh,"9.934353256265718E0,1.0632953189680786E2"
Freight Operations Department,"21,288,000",Kho Giao Hàng Nặng - TP Sóc Trăng - Sóc Trăng,Sóc Trăng,218,590106,Phường 5,"1,568",Thành phố Sóc Trăng,"9.6244445E0,1.059842398E2"
Freight Operations Department,"22,850,000",Kho Giao Hàng Nặng - TX Ngã Năm - Sóc Trăng,Sóc Trăng,218,590901,Phường 1,"2,062",Thị xã Ngã Năm,"9.555081E0,1.05594527E2"
Freight Operations Department,"22,068,000",Kho Giao Hàng Nặng - TP Bạc Liêu - Bạc Liêu,Bạc Liêu,253,600105,Phường 7,"1,655",Thành phố Bạc Liêu,"9.296918E0,1.05699153E2"
Freight Operations Department,"21,503,000",Kho Giao Hàng Nặng - TP Long Xuyên - An Giang,An Giang,217,510106,Phường Bình Khánh,"1,566",Thành phố Long Xuyên,"1.0413319E1,1.05415374E2"
Freight Operations Department,"21,384,000",Kho Giao Hàng Nặng - TP Châu Đốc - An Giang,An Giang,217,510201,Phường Châu Phú B,"1,753",Thành phố Châu Đốc,"1.0701149E1,1.05109329E2"
Freight Operations Department,"21,361,000",Kho Giao Hàng Nặng - TP Cà Mau - Cà Mau,Cà Mau,252,610101,Phường 1,"1,654",Thành phố Cà Mau,"9.211239E0,1.0509619E2"
Freight Operations Department,"21,362,000",Kho Giao Hàng Nặng - TP Biên Hoà - Đồng Nai,Đồng Nai,204,480107,Phường Long Bình,"1,536",Thành phố Biên Hòa,"1.0927327E1,1.06916416E2"
Freight Operations Department,"22,037,000",Kho Giao Hàng Nặng - Long Thành - Đồng Nai,Đồng Nai,204,480801,Thị trấn Long Thành,"1,694",Huyện Long Thành,"1.0791420614999058E1,1.0695495349578951E2"
Freight Operations Department,"22,038,000",Kho Giao Hàng Nặng - Trảng Bom - Đồng Nai,Đồng Nai,204,481011,Xã Hưng Thịnh,"1,691",Huyện Trảng Bom,"1.0939876E1,1.07090124E2"
Freight Operations Department,"21,984,000",Kho Giao Hàng Nặng - Thủ Dầu Một - Bình Dương,Bình Dương,205,440110,Phường Phú Mỹ,"1,538",Thành phố Thủ Dầu Một,"1.1001499367426254E1,1.0667782775164426E2"
Freight Operations Department,"22,855,000",Kho Giao Hàng Nặng - Bến Cát - Bình Dương,Bình Dương,205,440205,Phường Thới Hòa,"1,696",Thị xã Bến Cát,"1.1108651E1,1.06593531E2"
Freight Operations Department,"22,865,000",Kho Giao Hàng Nặng - Thuận An - Bình Dương,Bình Dương,205,440504,Phường Dĩ An,"1,540",Thành phố Dĩ An,"1.0879946E1,1.06747105E2"
Freight Operations Department,"21,502,000",Kho Giao Hàng Nặng - Dĩ An - Bình Dương,Bình Dương,205,440505,Phường Đông Hòa,"1,540",Thành phố Dĩ An,"1.0892202E1,1.06790298E2"
Freight Operations Department,"22,160,000",Kho Giao Hàng Nặng - TP Tây Ninh - Tây Ninh,Tây Ninh,240,460107,Phường Ninh Thạnh,"1,626",Thành phố Tây Ninh,"1.13238627196852E1,1.06130376215345E2"
Freight Operations Department,"21,130,000",Kho Giao Hàng Nặng - TP Đà Lạt - Lâm Đồng,Lâm Đồng,209,420110,Phường 7,"1,550",Thành phố Đà Lạt,"1.1966674E1,1.08436202E2"
Freight Operations Department,"21,131,000",Kho Giao Hàng Nặng - TP Bảo Lộc - Lâm Đồng,Lâm Đồng,209,420110,Phường 7,"1,550",Thành phố Đà Lạt,"1.1519194E1,1.07837531E2"
Freight Operations Department,"21,605,000",Kho Giao Hàng Nặng - Đức Trọng - Lâm Đồng,Lâm Đồng,209,420307,Xã Liên Hiệp,"1,837",Huyện Đức Trọng,"1.1727827E1,1.08367936E2"
Freight Operations Department,"21,512,000",Kho Giao Hàng Nặng - TP Đồng Xoài - Bình Phước,Bình Phước,239,430103,Phường Tân Phú,"1,625",Thành phố Đồng Xoài,"1.15378056E1,1.068860429E2"
Freight Operations Department,"22,909,000",Kho Giao Hàng Nặng - Bình Long - Bình Phước,Bình Phước,239,430401,Phường An Lộc,"1,774",Thị xã Bình Long,"1.1654272E1,1.06593301E2"
Freight Operations Department,"22,005,000",Kho Giao Hàng Nặng - TP Vũng Tàu - BRVT,Bà Rịa - Vũng Tàu,206,520104,Phường 12,"1,544",Thành phố Vũng Tàu,"1.0401436077833013E1,1.0714661272883644E2"
Freight Operations Department,"22,112,000",Kho Giao Hàng Nặng - TP Bà Rịa - BRVT,Bà Rịa - Vũng Tàu,206,520209,Xã Hoà Long,"1,667",Thành phố Bà Rịa,"1.05232683E1,1.071928849E2"
Region,"23,038,000",NTB Linehaul Team,Hồ Chí Minh,202,21014,Phường 14,"1,452",Quận 10,
Region,"22,119,000",NTB Sorting Team,Hồ Chí Minh,202,21014,Phường 14,"1,452",Quận 10,
Region,"22,052,000",NTB Exceptional Handling Team,Đà Nẵng,203,40501,Phường Hòa Hiệp Bắc,"1,530",Quận Liên Chiểu,"1.61310833E1,1.081189167E2"
Region,"1,909",Kho Trung Chuyển Khánh Hòa,Khánh Hòa,208,410602,Phường Cam Linh,"1,664",Thành phố Cam Ranh,"1.2281226E1,1.0912599E2"
Region,"22,915,000",Kho Chuyển Tiếp Bảo Lộc-Lâm Đồng,Lâm Đồng,209,420205,Phường Lộc Sơn,"1,838",Thành phố Bảo Lộc,"1.1519159E1,1.07837618E2"
Region,"20,336,000",Kho Chuyển Tiếp Đức Trọng-Lâm Đồng,Lâm Đồng,209,420307,Xã Liên Hiệp,"1,837",Huyện Đức Trọng,"1.173825E1,1.083633611E2"
Region,"20,745,000",Kho Chuyển Tiếp Bình Thuận,Bình Thuận,258,470409,Xã Hàm Liêm,"1,777",Huyện Hàm Thuận Bắc,"1.0955439E1,1.0810091E2"
Region,"20,797,000",Kho Chuyển Tiếp Đắk Nông,Đắk Nông,241,630102,Phường Nghĩa Phú,"1,627",Thành phố Gia Nghĩa,"1.1976497450635398E1,1.0764999250792843E2"
Region,"22,999,000",TBB Linehaul Team,Hồ Chí Minh,202,21014,Phường 14,"1,452",Quận 10,
Region,"20,791,000",Kho Chuyển Tiếp Yên Bái,Yên Bái,263,130103,Phường Hợp Minh,"1,674",Thành phố Yên Bái,"2.16979779E1,1.048583827E2"
Region,"21,321,000",Kho Chuyển Tiếp Sơn La,Sơn La,266,140104,Phường Chiềng Sinh,"1,677",Thành phố Sơn La,"2.1269413E1,1.03981116E2"
Region,"22,890,000",TBB Sorting Team,Hồ Chí Minh,202,21014,Phường 14,"1,452",Quận 10,
Region,"20,818,000",Kho Chuyển Tiếp Lào Cai,Lào Cai,269,80105,Phường Duyên Hải,"1,682",Thành phố Lào Cai,"2.2500077E1,1.03957676E2"
Region,"23,002,000",TNB Linehaul Team,Hồ Chí Minh,202,21014,Phường 14,"1,452",Quận 10,
Region,"22,907,000",TNB Sorting Team,Hồ Chí Minh,202,21014,Phường 14,"1,452",Quận 10,
Region,"20,874,000",Kho Chuyển Tiếp Kiên Giang,Kiên Giang,219,54069,Xã Vĩnh Hòa Hiệp,"1,719",Huyện Châu Thành,"9.938522780087244E0,1.0513191773192399E2"
Region,"1,908",Kho Trung Chuyển Cần Thơ,Cần Thơ,220,550305,Phường Phú Thứ,"1,574",Quận Cái Răng,"1.0007535E1,1.05796471E2"
Region,"20,895,000",Kho Chuyển Tiếp Cà Mau,Cà Mau,252,610101,Phường 1,"1,654",Thành phố Cà Mau,"9.211346E0,1.05096589E2"
Region,"22,949,000",TNG Linehaul Team,Hồ Chí Minh,202,21014,Phường 14,"1,452",Quận 10,
Region,"22,905,000",TNG Sorting Team,Hồ Chí Minh,202,21014,Phường 14,"1,452",Quận 10,
Region,"20,335,000",Kho Trung Chuyển Bình Định,Bình Định,262,371103,Xã Phước An,"2,023",Huyện Tuy Phước,"1.3712944E1,1.09172556E2"
Region,"20,334,000",Kho Trung Chuyển Gia Lai,Gia Lai,207,380121,Xã Ia Kênh,"1,546",Thành phố Pleiku,"1.3936697282450664E1,1.0799124636826065E2"
Region,"20,368,000",Kho Trung Chuyển Đắk Lắk,Đắk Lắk,210,400114,Xã Cư ÊBur,"1,552",Thành phố Buôn Ma Thuột,"1.2731042E1,1.08080511E2"
Region,"22,998,000",TNT Linehaul Team,Hồ Chí Minh,202,21014,Phường 14,"1,452",Quận 10,
Region,"21,652,000",Kho Chuyển Tiếp Phú Thọ,Phú Thọ,229,150121,Xã Thanh Đình,"1,602",Thành phố Việt Trì,"2.132625E1,1.053248889E2"
Region,"21,123,000",Kho Chuyển Tiếp Vĩnh Phúc,Vĩnh Phúc,221,160606,Xã Hương Sơn,"1,732",Huyện Bình Xuyên,"2.1245091E1,1.05678467E2"
Region,"22,904,000",TNT Sorting Team,Hồ Chí Minh,202,21014,Phường 14,"1,452",Quận 10,
Region,"21,619,000",Kho Chuyển Tiếp Hoà Bình,Hòa Bình,267,230113,Phường Thống Nhất,"1,678",Thành phố Hòa Bình,"2.07986826E1,1.053566614E2"
Region,"23,035,000",TTB Linehaul Team,Hồ Chí Minh,202,21014,Phường 14,"1,452",Quận 10,
Region,"22,121,000",TTB Sorting Team,Hồ Chí Minh,202,21014,Phường 14,"1,452",Quận 10,
Region,"20,729,000",Kho Trung Chuyển Quảng Bình,Quảng Bình,237,310101,Phường Bắc Lý,"1,619",Thành phố Đồng Hới,"1.7471762E1,1.06581585E2"
Region,"21,061,000",Kho Chuyển Tiếp Quảng Ngãi,Quảng Ngãi,242,350103,Phường Nghĩa Chánh,"1,630",Thành phố Quảng Ngãi,"1.5110972E1,1.08817556E2"
Region,"1,141",Kho Trung Chuyển Đà Nẵng,Đà Nẵng,203,40501,Phường Hòa Hiệp Bắc,"1,530",Quận Liên Chiểu,"1.61310833E1,1.081189167E2"
Region,"21,060,000",Kho Chuyển Tiếp Thừa Thiên Huế,Thừa Thiên Huế,223,91552,Phường Thủy Bằng,"3,702",Quận Thuận Hóa,"1.6407822714039117E1,1.0758906508465405E2"
Sorting Centers,"22,229,000",XASC Linehaul Team,Hồ Chí Minh,202,21014,Phường 14,"1,452",Quận 10,
Sorting Centers,"22,237,000",XASC Sorting Team,Hồ Chí Minh,202,21014,Phường 14,"1,452",Quận 10,
Sorting Centers,"21,466,000",Kho Xử Lý Ngoại Lệ Cụm KTC Xuyên Á,Hồ Chí Minh,202,21903,Phường Bình Hưng Hòa,"1,458",Quận Bình Tân,"1.0817912E1,1.06608995E2"
Sorting Centers,"22,486,000",Kho Trung Chuyển Hồ Chí Minh 03,Long An,211,490717,Xã Mỹ Hạnh Bắc,"1,929",Huyện Đức Hòa,"1.0893424E1,1.06525196E2"
Sorting Centers,"1,626",Kho Trung Chuyển Hồ Chí Minh 01,Long An,211,490717,Xã Mỹ Hạnh Bắc,"1,929",Huyện Đức Hòa,"1.0893424E1,1.06525196E2"
Region,"22,978,000",XBG Linehaul Team,Hồ Chí Minh,202,21014,Phường 14,"1,452",Quận 10,
Region,"20,773,000",Kho Chuyển Tiếp Lạng Sơn,Lạng Sơn,247,100104,Phường Tam Thanh,"1,642",Thành phố Lạng Sơn,"2.1847879E1,1.06749332E2"
Region,"20,792,000",Kho Chuyển Tiếp Quảng Ninh,Quảng Ninh,230,170107,Phường Hà Khánh,"1,604",Thành phố Hạ Long,"2.1001312E1,1.07104868E2"
Region,"20,843,000",Kho Chuyển Tiếp Bắc Giang,Bắc Giang,248,180901,Thị trấn Bích Động,"1,763",Huyện Việt Yên,"2.1265518E1,1.06113707E2"
Region,"22,902,000",XBG Sorting Team,Hồ Chí Minh,202,21014,Phường 14,"1,452",Quận 10,
Region,"21,653,000",Kho Chuyển Tiếp Hải Phòng,Hải Phòng,224,30504,Phường Đông Hải 1,"1,591",Quận Hải An,"2.08466849E1,1.067133857E2"
Region,"22,223,000",(AGI) Bình Đức,An Giang,217,510105,Phường Bình Đức,"1,566",Thành phố Long Xuyên,"1.0405579E1,1.05419554E2"
Region,"1,084",(AGI) Long Xuyên,An Giang,217,510108,Phường Mỹ Quý,"1,566",Thành phố Long Xuyên,"1.03649124E1,1.0544694E2"
Region,"23,061,000",(AGI) Mỹ Thới,An Giang,217,510109,Phường Mỹ Thới,"1,566",Thành phố Long Xuyên,"1.034281E1,1.05469155E2"
Region,"21,534,000",(AGI) Châu Đốc,An Giang,217,510201,Phường Châu Phú B,"1,753",Thành phố Châu Đốc,"1.0701356E1,1.05130563E2"
Region,"22,986,000",(AGI) An Phú,An Giang,217,510301,Thị trấn An Phú,"1,754",Huyện An Phú,"1.0808927E1,1.0509454E2"
Region,"1,409",(AGI) Tân Châu,An Giang,217,510401,Phường Long Thạnh,"1,755",Thị Xã Tân Châu,"1.0795306E1,1.05252056E2"
Region,"21,319,000",(AGI) Phú Tân,An Giang,217,510501,Thị trấn Phú Mỹ,"1,756",Huyện Phú Tân,"1.059916389497207E1,1.0535273135314509E2"
Region,"23,091,000",(AGI) Thới Sơn,An Giang,217,510602,Thị trấn Nhà Bàng,"1,752",Huyện Tịnh Biên,"1.0612046E1,1.05011526E2"
Region,"2,361",(AGI) Tri Tôn,An Giang,217,510704,Xã Châu Lăng,"1,751",Huyện Tri Tôn,"1.04378598E1,1.049961005E2"
Region,"21,017,000",(AGI) Vĩnh Thạnh Trung,An Giang,217,510813,Xã Vĩnh Thạnh Trung,"1,758",Huyện Châu Phú,"1.0587527E1,1.05228744E2"
Region,"22,427,000",(AGI) Chợ Mới,An Giang,217,510908,Xã Kiến An,"1,757",Huyện Chợ Mới,"1.0555271E1,1.0538755E2"
Region,"22,955,000",(AGI) An Châu,An Giang,217,511001,Thị trấn An Châu,"1,718",Huyện Châu Thành,"1.044485E1,1.0538148E2"
Region,"23,062,000",(AGI) Cần Đăng,An Giang,217,511005,Xã Cần Đăng,"1,718",Huyện Châu Thành,"1.0455647E1,1.05297695E2"
Region,"2,474",(AGI) Thoại Sơn,An Giang,217,511101,Thị trấn Núi Sập,"1,750",Huyện Thoại Sơn,"1.02549404E1,1.05260015E2"
Region,"23,073,000",(AGI) Phú Hòa,An Giang,217,511103,Thị trấn Phú Hoà,"1,750",Huyện Thoại Sơn,"1.0351222E1,1.0536696E2"
Region,"2,434",(KGI) Kiên Hải,Kiên Giang,219,540101,Phường An Bình,"1,570",Thành phố Rạch Giá,"9.978412E0,1.05100998E2"
Region,"21,983,000",(KGI) Rạch Giá 2,Kiên Giang,219,540102,Phường An Hòa,"1,570",Thành phố Rạch Giá,"9.978412E0,1.05100998E2"
Region,"2,528",(KGI) Rạch Giá 1,Kiên Giang,219,540103,Phường Rạch Sỏi,"1,570",Thành phố Rạch Giá,"9.945293E0,1.0512754E2"
Region,"22,682,000",(KGI) Rạch Giá 3,Kiên Giang,219,540108,Phường Vĩnh Quang,"1,570",Thành phố Rạch Giá,"1.0028338E1,1.05085397E2"
Region,"20,902,000",(KGI) Hà Tiên,Kiên Giang,219,540201,Phường Bình San,"2,058",Thành phố Hà Tiên,"1.0381045E1,1.04484423E2"
Region,"23,034,000",(KGI) Kiên Lương,Kiên Giang,219,540301,Thị trấn Kiên Lương,"1,950",Huyện Kiên Lương,"1.0266492E1,1.04614261E2"
Region,"22,403,000",(KGI) Hòn Đất,Kiên Giang,219,540401,Thị trấn Hòn Đất,"1,830",Huyện Hòn Đất,"1.0192673E1,1.04919751E2"
Region,"23,095,000",(KGI) Mỹ Thuận,Kiên Giang,219,540402,Thị trấn Sóc Sơn,"1,830",Huyện Hòn Đất,"1.0129446E1,1.05011455E2"
Region,"22,810,000",(KGI) Tân Hiệp,Kiên Giang,219,540501,Thị trấn Tân Hiệp,"1,831",Huyện Tân Hiệp,"1.01196E1,1.05287781E2"
Region,"23,006,000",(KGI) Châu Thành,Kiên Giang,219,54061,Thị trấn Minh Lương,"1,719",Huyện Châu Thành,"9.891611E0,1.05166972E2"
Region,"21,340,000",(KGI) Giồng Riềng,Kiên Giang,219,540701,Thị Trấn Giồng Riềng,"1,832",Huyện Giồng Riềng,"9.9095278E0,1.053085046E2"
Region,"22,914,000",(KGI) Hòa Thuận,Kiên Giang,219,540710,Xã Ngọc Hoà,"1,832",Huyện Giồng Riềng,"9.869878E0,1.05407512E2"
Region,"22,454,000",(KGI) Gò Quao,Kiên Giang,219,540802,Xã Định An,"2,132",Huyện Gò Quao,"9.770695E0,1.05315201E2"
Region,"22,611,000",(KGI) An Biên,Kiên Giang,219,540901,Thị trấn Thứ 3,"1,833",Huyện An Biên,"9.815921E0,1.05067632E2"
Region,"20,630,000",(KGI) Đông Hòa,Kiên Giang,219,541006,Xã Đông Thạnh,"3,125",Huyện An Minh,"9.688047E0,1.04957739E2"
Region,"21,012,000",(KGI) Vĩnh Phong,Kiên Giang,219,541101,Thị trấn Vĩnh Thuận,"2,260",Huyện Vĩnh Thuận,"9.517589E0,1.05250022E2"
Region,"20,999,000",(KGI) Phú Quốc 1,Kiên Giang,219,541201,Thị trấn An Thới,"2,115",Thành phố Phú Quốc,"1.0053477E1,1.04017251E2"
Region,"20,877,001",(KGI) Thổ Châu,Kiên Giang,219,541202,Thị trấn Dương Đông,"2,115",Thành phố Phú Quốc,"1.02245E1,1.039688E2"
Region,"21,342,000",(KGI) Phú Quốc 4,Kiên Giang,219,541204,Xã Cửa Cạn,"2,115",Thành phố Phú Quốc,"1.0292642E1,1.0391324E2"
Region,"22,792,000",(KGI) Phú Quốc 3,Kiên Giang,219,541205,Xã Cửa Dương,"2,115",Thành phố Phú Quốc,"1.0240356E1,1.03991844E2"
Region,"22,859,000",(KGI) Phú Quốc 2,Kiên Giang,219,541206,Xã Dương Tơ,"2,115",Thành phố Phú Quốc,"1.0169339E1,1.04017813E2"
Region,"21,011,000",(KGI) Vĩnh Hòa,Kiên Giang,219,541404,Xã Thạnh Yên,"2,251",Huyện U Minh Thượng,"9.666104E0,1.05130299E2"
Region,"22,309,000",(KGI) ĐG Giang Thành,Kiên Giang,219,541503,Xã Tân Khánh Hòa,"2,134",Huyện Giang Thành,"1.05082532303727E1,1.04625099117503E2"
Region,"23,077,000",(KGI) Giang Thành,Kiên Giang,219,541503,Xã Tân Khánh Hòa,"2,134",Huyện Giang Thành,"1.0508259E1,1.046251E2"
Region,"21,318,000",(BGI) Bắc Giang,Bắc Giang,248,180102,Phường Dĩnh Kế,"1,643",Thành phố Bắc Giang,"2.12790901E1,1.062121505E2"
Region,"23,009,000",(BGI) Đa Mai,Bắc Giang,248,180114,Xã Song Mai,"1,643",Thành phố Bắc Giang,"2.129367E1,1.06173631E2"
Region,"20,771,000",(BGI) Bố Hạ,Bắc Giang,248,180201,Thị trấn Bố Hạ,"1,765",Huyện Yên Thế,"2.1453557E1,1.06199158E2"
Region,"20,471,000",(BGI) Yên Thế,Bắc Giang,248,180215,Thị trấn Phồn Xương,"1,765",Huyện Yên Thế,"2.1481123E1,1.06123091E2"
Region,"22,837,000",(BGI) Chũ,Bắc Giang,248,180301,Thị trấn Chũ,"1,966",Huyện Lục Ngạn,"2.137929E1,1.06584542E2"
Region,"22,693,000",(BGI) Sơn Động,Bắc Giang,248,180403,Xã An Bá,"1,761",Huyện Sơn Động,"2.1325836E1,1.06824537E2"
Region,"21,332,000",(BGI) Lục Nam,Bắc Giang,248,180501,Thị trấn Đồi Ngô,"1,965",Huyện Lục Nam,"2.1298919E1,1.06394011E2"
Region,"22,603,000",(BGI) Trường Sơn,Bắc Giang,248,180524,Xã Trường Sơn,"1,965",Huyện Lục Nam,"2.1241527E1,1.06573647E2"
Region,"21,977,000",(BGI) Tân Yên,Bắc Giang,248,180601,Thị trấn Cao Thượng,"1,762",Huyện Tân Yên,"2.1382896E1,1.061227283E2"
Region,"20,396,000",(BGI) Nhã Nam,Bắc Giang,248,180602,Thị trấn Nhã Nam,"1,762",Huyện Tân Yên,"2.1441093E1,1.06089223E2"
Region,"21,436,000",(BGI) Xuân Cẩm,Bắc Giang,248,180717,Xã Hương Lâm,"1,759",Huyện Hiệp Hòa,"2.1275533E1,1.05955168E2"
Region,"22,734,000",(BGI) Hiệp Hòa,Bắc Giang,248,180718,Xã Lương Phong,"1,759",Huyện Hiệp Hòa,"2.1347699E1,1.05989934E2"
Region,"21,430,000",(BGI) Kép,Bắc Giang,248,180801,Thị trấn Kép,"1,760",Huyện Lạng Giang,"2.1415186E1,1.06268696E2"
Region,"20,860,000",(BGI) Lạng Giang,Bắc Giang,248,180802,Thị trấn Vôi,"1,760",Huyện Lạng Giang,"2.1359887E1,1.06261734E2"
Region,"20,179,000",(BGI) Việt Yên,Bắc Giang,248,180901,Thị trấn Bích Động,"1,763",Huyện Việt Yên,"2.1281078E1,1.06087627E2"
Region,"20,879,000",(BGI) Nếnh,Bắc Giang,248,180912,Xã Tăng Tiến,"1,763",Huyện Việt Yên,"2.1255288E1,1.06152947E2"
Region,"21,041,000",(BNI) Võ Cường,Bắc Ninh,249,190115,Phường Võ Cường,"1,644",Thành phố Bắc Ninh,"2.1164333E1,1.06047838E2"
Region,"21,585,000",(BNI) Vũ Ninh,Bắc Ninh,249,190116,Phường Vũ Ninh,"1,644",Thành phố Bắc Ninh,"2.1186884E1,1.06087758E2"
Region,"22,453,000",(BNI) Nam Sơn,Bắc Ninh,249,190119,Phường Nam Sơn,"1,644",Thành phố Bắc Ninh,"2.1145324E1,1.06112202E2"
Region,"21,081,000",(BNI) Yên Phong,Bắc Ninh,249,190201,Thị trấn Chờ,"1,768",Huyện Yên Phong,"2.1200306E1,1.05953733E2"
Region,"22,047,000",(BNI) Yên Trung,Bắc Ninh,249,190214,Xã Yên Trung,"1,768",Huyện Yên Phong,"2.1204792E1,1.05998876E2"
Region,"20,487,000",(BNI) Đào Viên,Bắc Ninh,249,190308,Xã Đào Viên,"1,728",Huyện Quế Võ,"2.1130831E1,1.062037E2"
Region,"22,183,000",(BNI) Phương Liễu,Bắc Ninh,249,190317,Xã Phượng Mao,"1,728",Huyện Quế Võ,"2.1153446E1,1.06145358E2"
Region,"22,256,000",(BNI) Đại Đồng,Bắc Ninh,249,190405,Xã Hoàn Sơn,"1,729",Huyện Tiên Du,"2.11200228E1,1.059920097E2"
Region,"22,455,000",(BNI) Phật Tích,Bắc Ninh,249,190410,Xã Phật Tích,"1,729",Huyện Tiên Du,"2.1103625E1,1.06038562E2"
Region,"20,765,000",(BNI) Đồng Nguyên,Bắc Ninh,249,190503,Phường Đồng Kỵ,"1,730",Thị xã Từ Sơn,"2.1132763E1,1.059511696E2"
Region,"20,567,000",(BNI) Từ Sơn,Bắc Ninh,249,190506,Phường Tân Hồng,"1,730",Thị xã Từ Sơn,"2.1117445E1,1.05971049E2"
Region,"20,514,000",(BNI) Thuận Thành,Bắc Ninh,249,190605,Xã Gia Đông,"1,767",Thị xã Thuận Thành,"2.1034801E1,1.0606588E2"
Region,"22,002,000",(BNI) Gia Bình,Bắc Ninh,249,190714,Xã Xuân Lai,"1,766",Huyện Gia Bình,"2.10579504E1,1.06207061E2"
Region,"20,969,000",(BNI) Trung Chính,Bắc Ninh,249,190812,Xã Trung Chính,"1,969",Huyện Lương Tài,"2.1013503E1,1.06216604E2"
Region,"21,999,000",(BGI) Yên Dũng,Bắc Giang,248,91301,Phường Nham Biền,"1,643",Thành phố Bắc Giang,"2.11998385E1,1.062315354E2"
Region,"21,300,000",(BLI) Bạc Liêu,Bạc Liêu,253,600105,Phường 7,"1,655",Thành phố Bạc Liêu,"9.295237160398905E0,1.0571521119432234E2"
Region,"22,462,000",(BLI) Vĩnh Lợi,Bạc Liêu,253,600201,Thị trấn Châu Hưng,"2,050",Huyện Vĩnh Lợi,"9.326384E0,1.05717766E2"
Region,"22,208,000",(BLI) Hồng Dân,Bạc Liêu,253,600301,Thị trấn Ngan Dừa,"1,946",Huyện Hồng Dân,"9.5665834E0,1.054526588E2"
Region,"21,505,000",(BLI) Giá Rai,Bạc Liêu,253,600401,Phường 1,"1,935",Thị Xã Giá Rai,"9.243306E0,1.05476972E2"
Region,"21,519,000",(BLI) Phong Thạnh,Bạc Liêu,253,600409,Xã Tân Phong,"1,935",Thị Xã Giá Rai,"9.208213E0,1.05359014E2"
Region,"22,207,000",(BLI) Phước Long,Bạc Liêu,253,600501,Thị trấn Phước Long,"1,998",Huyện Phước Long,"9.43766E0,1.05463812E2"
Region,"22,651,000",(BLI) Long Điền,Bạc Liêu,253,600605,Xã Điền Hải,"1,926",Huyện Đông Hải,"9.117675E0,1.05490895E2"
Region,"22,417,000",(BLI) Hòa Bình,Bạc Liêu,253,600701,Thị trấn Hòa Bình,"1,723",Huyện Hòa Bình,"9.280715E0,1.05623189E2"
Region,"20,777,000",(CMA) An Xuyên,Cà Mau,252,610101,Phường 1,"1,654",Thành phố Cà Mau,"9.1871685E0,1.051365138E2"
Region,"22,951,000",(CMA) Tân Thành,Cà Mau,252,610105,Phường 6,"1,654",Thành phố Cà Mau,"9.172508E0,1.05198062E2"
Region,"21,536,000",(CMA) Lý Văn Lâm,Cà Mau,252,610115,Xã Lý Văn Lâm,"1,654",Thành phố Cà Mau,"9.158591E0,1.05139255E2"
Region,"23,078,000",(CMA) Hồ Thị Kỷ,Cà Mau,252,610204,Xã Hồ Thị Kỷ,"1,782",Huyện Thới Bình,"9.211346E0,1.05096589E2"
Region,"22,212,000",(CMA) Thới Bình,Cà Mau,252,610210,Xã Thới Bình,"1,782",Huyện Thới Bình,"9.3574144E0,1.051017195E2"
Region,"20,753,000",(CMA) Nguyễn Phích,Cà Mau,252,610301,Thị trấn U Minh,"2,042",Huyện U Minh,"9.40168E0,1.04975727E2"
Region,"21,330,000",(CMA) Sông Đốc,Cà Mau,252,610401,Thị trấn Sông Đốc,"2,038",Huyện Trần Văn Thời,"9.0444964E0,1.048307248E2"
Region,"20,358,000",(CMA) Trần Văn Thời,Cà Mau,252,610402,Thị trấn Trần Văn Thời,"2,038",Huyện Trần Văn Thời,"9.0766818E0,1.049714343E2"
Region,"22,961,000",(CMA) Lương Thế Trân,Cà Mau,252,610507,Xã Phú Hưng,"1,901",Huyện Cái Nước,"9.045915E0,1.05030229E2"
Region,"21,976,000",(CMA) Cái Nước,Cà Mau,252,610509,Xã Tân Hưng Đông,"1,901",Huyện Cái Nước,"8.955964E0,1.05012881E2"
Region,"21,646,000",(CMA) Đầm Dơi,Cà Mau,252,610601,Thị trấn Đầm Dơi,"1,922",Huyện Đầm Dơi,"8.999611E0,1.05197758E2"
Region,"22,428,000",(CMA) Tân Tiến,Cà Mau,252,610613,Xã Tân Tiến,"1,922",Huyện Đầm Dơi,"8.969245E0,1.05321904E2"
Region,"21,573,000",(CMA) Phan Ngọc Hiển,Cà Mau,252,610701,Thị trấn Rạch Gốc,"2,186",Huyện Ngọc Hiển,"8.617404E0,1.05017303E2"
Region,"2,431",(CMA) Đất Mới,Cà Mau,252,610801,Thị Trấn Năm Căn,"1,783",Huyện Năm Căn,"8.757212E0,1.04980232E2"
Region,"22,435,000",(CMA) Cái Đôi Vàm,Cà Mau,252,61091,Thị trấn Cái Đôi Vàm,"1,883",Huyện Phú Tân,"8.854574E0,1.04815554E2"
Region,"21,990,000",(CTH) Tân An,Cần Thơ,220,550105,Phường An Khánh,"1,572",Quận Ninh Kiều,"1.00354506E1,1.057591172E2"
Region,"21,590,000",(CTH) Cái Khế,Cần Thơ,220,550109,Phường Cái Khế,"1,572",Quận Ninh Kiều,"1.00566405E1,1.057783233E2"
Region,"21,023,000",(CTH) Bình Thủy,Cần Thơ,220,550202,Phường Bình Thủy,"1,573",Quận Bình Thủy,"1.0076318E1,1.05741486E2"
Region,"20,562,000",(CTH) Long Tuyền,Cần Thơ,220,550205,Phường Long Tuyền,"1,573",Quận Bình Thủy,"1.00173251E1,1.057373679E2"
Region,"20,994,000",(CTH) Hưng Phú,Cần Thơ,220,550302,Phường Hưng Phú,"1,574",Quận Cái Răng,"1.0018899E1,1.05788034E2"
Region,"21,422,000",(CTH) Cái Răng,Cần Thơ,220,550304,Phường Lê Bình,"1,574",Quận Cái Răng,"9.991562E0,1.05750351E2"
Region,"22,073,000",(CTH) Ô Môn,Cần Thơ,220,550401,Phường Châu Văn Liêm,"1,575",Quận Ô Môn,"1.01119118E1,1.056322016E2"
Region,"23,097,000",(CTH) Phước Thới,Cần Thơ,220,550403,Phường Phước Thới,"1,575",Quận Ô Môn,"1.010175E1,1.05686091E2"
Region,"21,556,000",(CTH) Phong Điền,Cần Thơ,220,550501,Thị trấn Phong Điền,"3,250",Huyện Phong Điền,"1.00019971E1,1.056625196E2"
Region,"21,621,000",(CTH) Thạnh Phú,Cần Thơ,220,550604,Xã Thạnh Phú,"3,150",Huyện Cờ Đỏ,"1.01085703E1,1.05425339E2"
Region,"20,528,000",(CTH) Vĩnh Thạnh,Cần Thơ,220,55072,Thị trấn Vĩnh Thạnh,"3,317",Huyện Vĩnh Thạnh,"1.022977E1,1.05396484E2"
Region,"21,398,000",(CTH) Thuận Hưng,Cần Thơ,220,550808,Phường Trung Kiên,"1,576",Quận Thốt Nốt,"1.0245984E1,1.05549053E2"
Region,"20,683,000",(CTH) Thới Lai,Cần Thơ,220,550901,Thị trấn Thới Lai,"3,300",Huyện Thới Lai,"1.0060711E1,1.05561648E2"
Region,"22,809,000",(STR) Phú Lợi,Sóc Trăng,218,590104,Phường 3,"1,568",Thành phố Sóc Trăng,"9.58137E0,1.0597697E2"
Region,"22,800,000",(STR) Sóc Trăng,Sóc Trăng,218,590106,Phường 5,"1,568",Thành phố Sóc Trăng,"9.63105E0,1.0598737E2"
Region,"21,982,000",(STR) Kế Sách,Sóc Trăng,218,590202,Thị trấn Kế Sách,"1,949",Huyện Kế Sách,"9.7678351E0,1.059919469E2"
Region,"21,530,000",(STR) Mỹ Tú,Sóc Trăng,218,590301,Thị trấn Huỳnh Hữu Nghĩa,"2,173",Huyện Mỹ Tú,"9.63444E0,1.0580824E2"
Region,"22,532,000",(STR) Ngọc Tố,Sóc Trăng,218,590409,Xã Tham Đôn,"1,743",Huyện Mỹ Xuyên,"9.521842E0,1.0595748E2"
Region,"23,010,000",(STR) Phú Lộc,Sóc Trăng,218,590502,Thị trấn Phú Lộc,"2,238",Huyện Thạnh Trị,"9.432991E0,1.05751946E2"
Region,"20,229,000",(STR) Vĩnh Châu,Sóc Trăng,218,590701,Phường 1,"2,272",Thị xã Vĩnh Châu,"9.333495E0,1.05979427E2"
Region,"21,336,000",(STR) An Thạnh,Sóc Trăng,218,590801,Thị trấn Cù Lao Dung,"2,093",Huyện Cù Lao Dung,"9.668386E0,1.06152037E2"
Region,"20,992,000",(STR) Ngã Năm,Sóc Trăng,218,590901,Phường 1,"2,062",Thị xã Ngã Năm,"9.563449E0,1.056027493E2"
Region,"21,644,000",(STR) Thuận Hòa,Sóc Trăng,218,59106,Xã Phú Tân,"1,910",Huyện Châu Thành,"9.66117E0,1.059472E2"
Region,"22,548,000",(STR) Trần Đề,Sóc Trăng,218,591103,Xã Đại Ân  2,"2,037",Huyện Trần Đề,"9.555097E0,1.06134023E2"
Region,"1,170",(HGI) Vị Tân,Hậu Giang,250,640103,Phường IV,"1,653",Thành phố Vị Thanh,"9.791423E0,1.05467678E2"
Region,"20,816,000",(HGI) Vị Thủy,Hậu Giang,250,640201,Thị trấn Nàng Mau,"2,048",Huyện Vị Thuỷ,"9.7487219E0,1.055319216E2"
Region,"20,520,000",(HGI) Hiệp Hưng,Hậu Giang,250,640402,Thị trấn Cây Dương,"1,824",Huyện Phụng Hiệp,"9.7815522E0,1.057386734E2"
Region,"20,645,000",(HGI) Thạnh Hòa,Hậu Giang,250,640415,Xã Thạnh Hòa,"1,824",Huyện Phụng Hiệp,"9.918567E0,1.05713826E2"
Region,"20,938,000",(HGI) Châu Thành,Hậu Giang,250,64052,Thị Trấn Ngã Sáu,"2,096",Huyện Châu Thành,"9.9245627E0,1.057984835E2"
Region,"22,783,000",(HGI) Tân Hòa,Hậu Giang,250,640603,Thị trấn Một Ngàn,"1,912",Huyện Châu Thành A,"9.909869E0,1.05632415E2"
Region,"20,162,000",(HGI) Ngã Bảy,Hậu Giang,250,640703,Phường Ngã Bảy,"1,823",Thành phố Ngã Bảy,"9.815063E0,1.05820538E2"
Region,"20,954,000",(HGI) Long Bình,Hậu Giang,250,640801,Phường Bình Thạnh,"3,218",Thị xã Long Mỹ,"9.6873041E0,1.055734333E2"
Region,"22,858,000",(CBA) Thục Phán,Cao Bằng,246,60101,Phường Đề Thám,"1,641",Thành phố Cao Bằng,"2.2680502E1,1.06221752E2"
Region,"22,844,000",(CBA) Tân Giang,Cao Bằng,246,60108,Phường Tân Giang,"1,641",Thành phố Cao Bằng,"2.2653917E1,1.06268105E2"
Region,"22,826,000",(CBA) Bảo Lạc,Cao Bằng,246,60201,Thị trấn Bảo Lạc,"3,130",Huyện Bảo Lạc,"2.2955278E1,1.05680216E2"
Region,"22,041,001",(CBA) ĐG Thông Nông,Cao Bằng,246,60301,Thị trấn Thông Nông,"3,299",Huyện Thông Nông,"2.2788537E1,1.05979439E2"
Region,"22,041,002",(CBA) ĐG Trường Hà,Cao Bằng,246,60401,Thị trấn Xuân Hòa,"1,939",Huyện Hà Quảng,"2.290709E1,1.06063656E2"
Region,"20,924,007",(CBA) ĐG Trà Lĩnh 1,Cao Bằng,246,60501,Thị trấn Hùng Quốc,"3,305",Huyện Trà Lĩnh,"2.2829586E1,1.06324285E2"
Region,"22,834,000",(CBA) Trùng Khánh,Cao Bằng,246,60610,Xã Khâm Thành,"2,041",Huyện Trùng Khánh,"2.2830188E1,1.06521084E2"
Region,"21,425,000",(CBA) Nguyên Bình,Cao Bằng,246,60701,Thị trấn Nguyên Bình,"3,246",Huyện Nguyên Bình,"2.2650838E1,1.05957027E2"
Region,"22,041,000",(CBA) Hòa An,Cao Bằng,246,60801,Thị trấn Nước Hai,"1,943",Huyện Hòa An,"2.2726186E1,1.0616558E2"
Region,"20,789,000",(CBA) Quảng Uyên,Cao Bằng,246,60901,Thị trấn Quảng Uyên,"3,259",Huyện Quảng Uyên,"2.2693282E1,1.06441591E2"
Region,"22,845,000",(CBA) Đông Khê,Cao Bằng,246,61001,Thị trấn Đông Khê,"3,289",Huyện Thạch An,"2.2438116E1,1.06428247E2"
Region,"20,789,005",(CBA) ĐG Phục Hòa,Cao Bằng,246,61101,Thị trấn Thanh Nhật,"3,194",Huyện Hạ Lang,"2.2528089E1,1.0652367E2"
Region,"22,836,000",(CBA) Hạ Lang,Cao Bằng,246,61101,Thị trấn Thanh Nhật,"3,194",Huyện Hạ Lang,"2.2690798E1,1.06672646E2"
Region,"22,827,000",(CBA) Bảo Lâm,Cao Bằng,246,61201,Thị trấn Pác Miầu,"1,890",Huyện Bảo Lâm,"2.2829534E1,1.05493593E2"
Region,"20,924,006",(CBA) ĐG Trà Lĩnh 2,Cao Bằng,246,800232,Xã Cao Chương,"2,041",Huyện Trùng Khánh,"2.2800526E1,1.06336286E2"
Region,"21,591,000",Bưu Cục 140 Tôn Đức Thắng-An Sơn-Tam Kỳ-Quảng Nam,Quảng Nam,243,340103,Phường An Sơn,"1,631",Thành phố Tam Kỳ,"1.55569732E1,1.084943534E2"
Region,"21,042,000",Bưu Cục 114 Nguyễn Văn Trỗi-TP Tam Kỳ-Quảng Nam,Quảng Nam,243,340108,Phường Tân Thạnh,"1,631",Thành phố Tam Kỳ,"1.55866065E1,1.084710431E2"
Region,"22,171,000",Bưu Cục 184 Nguyễn Tất Thành-Hội An-Quảng Nam,Quảng Nam,243,340208,Phường Tân An,"1,632",Thành phố Hội An,"1.589436E1,1.0830794E2"
Region,"22,171,002",(QNA) Tân Hiệp,Quảng Nam,243,340213,Xã Tân Hiệp,"1,632",Thành phố Hội An,"1.5876043E1,1.08389131E2"
Region,"1,378",Bưu Cục 274 Điện Biên Phủ-Duy Xuyên-Quảng Nam,Quảng Nam,243,340301,Thị trấn Nam Phước,"1,735",Huyện Duy Xuyên,"1.58374899E1,1.08284701E2"
Region,"20,324,000",Bưu Cục 36 Lý Thái Tổ-Điện Bàn-Quảng Nam,Quảng Nam,243,340401,Phường Điện An,"1,736",Thị xã Điện Bàn,"1.59040239E1,1.082414253E2"
Region,"20,892,000",Bưu Cục 63 Trần Thủ Độ-Điện Bàn-Quảng Nam,Quảng Nam,243,340403,Phường Điện Nam Bắc,"1,736",Thị xã Điện Bàn,"1.59332837E1,1.082547814E2"
Region,"20,137,000",Bưu Cục 106 Quang Trung-Đại Lộc-Quảng Nam,Quảng Nam,243,340501,Thị Trấn Ái Nghĩa,"1,917",Huyện Đại Lộc,"1.58867113E1,1.08119545E2"
Region,"21,533,000",Bưu Cục 08 Đổ Quang-Thị trấn Đông Phú-Quế Sơn-Quảng Nam,Quảng Nam,243,340601,Thị trấn Đông Phú,"2,003",Huyện Quế Sơn,"1.5675854E1,1.082180086E2"
Region,"21,533,003",(QNA) ĐG Việt An,Quảng Nam,243,340710,Xã Quế Thọ,"2,139",Huyện Hiệp Đức,"1.5615766E1,1.08216842E2"
Region,"22,162,000",Bưu Cục Bình Phục-Thăng Bình-Quảng Nam,Quảng Nam,243,340815,Xã Bình Phục,"2,239",Huyện Thăng Bình,"1.57242458E1,1.083735875E2"
Region,"21,676,000",Bưu Cục Nguyễn Chí Thanh-Núi Thành-Quảng Nam,Quảng Nam,243,340901,Thị trấn Núi Thành,"1,987",Huyện Núi Thành,"1.543271E1,1.0865565E2"
Region,"21,591,001",(QNA) ĐL Tam Anh,Quảng Nam,243,340902,Xã Tam Anh Bắc,"1,987",Huyện Núi Thành,"1.5511299E1,1.08541806E2"
Region,"20,805,000",Bưu cục 61 Tôn Đức Thắng-Tiên Phước-Quảng Nam,Quảng Nam,243,341001,Thị trấn Tiên Kỳ,"2,224",Huyện Tiên Phước,"1.54858097E1,1.083113313E2"
Region,"20,805,003",(QNA) ĐG Trà My,Quảng Nam,243,341101,Thị trấn Trà My,"2,078",Huyện Bắc Trà My,"1.534247E1,1.08218582E2"
Region,"22,246,000",Bưu Cục 26 Huỳnh Thúc Kháng-Thị Trấn P'rao-Đông Giang-Quảng Nam,Quảng Nam,243,341201,Thị trấn P Rao,"2,125",Huyện Đông Giang,"1.59236672E1,1.07647028E2"
Region,"20,137,001",(QNA) ĐG Thạnh Mỹ,Quảng Nam,243,341301,Thị trấn Thạnh Mỹ,"2,177",Huyện Nam Giang,"1.5748522E1,1.07837075E2"
Region,"20,137,002",(QNA) ĐG Nam Giang,Quảng Nam,243,341303,Xã Chà Vàl,"2,177",Huyện Nam Giang,"1.5619334E1,1.07512197E2"
Region,"21,533,005",(QNA) ĐG Khâm Đức,Quảng Nam,243,341401,Thị trấn Khâm Đức,"2,198",Huyện Phước Sơn,"1.5437295E1,1.07793834E2"
Region,"20,805,004",(QNA) ĐG Nam Trà My,Quảng Nam,243,341506,Xã Trà Mai,"2,178",Huyện Nam Trà My,"1.5144469390249593E1,1.0811854487116437E2"
Region,"22,246,001",(QNA) ĐG Tây Giang,Quảng Nam,243,341602,Xã A Tiêng,"2,219",Huyện Tây Giang,"1.5881482E1,1.0748874E2"
Region,"21,533,001",(QNA) ĐG Nông Sơn 1,Quảng Nam,243,341803,Xã Quế Lộc,"2,182",Huyện Nông Sơn,"1.5718039E1,1.08102771E2"
Region,"22,760,000",Bưu Cục 217 Tiểu La-Hòa Cường-Đà Nẵng,Đà Nẵng,203,40105,Phường Hòa Cường Bắc,"1,526",Quận Hải Châu,"1.6044443E1,1.08214497E2"
Region,"21,350,000",Bưu Cục Phường Thanh Bình-Hải Châu-Đà Nẵng,Đà Nẵng,203,40112,Phường Thanh Bình,"1,526",Quận Hải Châu,"1.6077338777304472E1,1.0820867553558206E2"
Region,"20,890,000",Bưu Cục 621 Điện Biên Phủ-Q.Thanh Khê-Đà Nẵng,Đà Nẵng,203,40201,Phường An Khê,"1,527",Quận Thanh Khê,"1.60645606E1,1.081824947E2"
Region,"20,339,000",Bưu Cục 106 Kỳ Đồng-Q.Thanh Khê-Đà Nẵng,Đà Nẵng,203,40210,Phường Xuân Hà,"1,527",Quận Thanh Khê,"1.607025E1,1.0818898E2"
Region,"21,078,000",Bưu Cục 345C Ngô Quyền-Sơn Trà-Đà Nẵng,Đà Nẵng,203,40301,Phường An Hải Bắc,"1,528",Quận Sơn Trà,"1.60855618E1,1.082400572E2"
Region,"21,299,000",Bưu cục Thọ Quang-Sơn Trà-Đà Nẵng,Đà Nẵng,203,40307,Phường Thọ Quang,"1,528",Quận Sơn Trà,"1.61001928E1,1.082462208E2"
Region,"21,474,000",Bưu Cục 404 Lê Văn Hiến-Khuê Mỹ-Ngũ Hành Sơn-Đà Nẵng,Đà Nẵng,203,40403,Phường Khuê Mỹ,"1,529",Quận Ngũ Hành Sơn,"1.602126E1,1.0825141E2"
Region,"21,526,000",Bưu Cục Aha Đang Giao Hàng,Đà Nẵng,203,40503,Phường Hòa Khánh Bắc,"1,530",Quận Liên Chiểu,"1.6082052E1,1.08118721E2"
Region,"21,987,000",Bưu Cục Bàu vàng 6-Hòa Khánh Bắc-Liên Chiểu-Đà Nẵng,Đà Nẵng,203,40503,Phường Hòa Khánh Bắc,"1,530",Quận Liên Chiểu,"1.6079869E1,1.08144442E2"
Region,"21,671,000",(DNG) ĐL Liên Chiểu,Đà Nẵng,203,40503,Phường Hòa Khánh Bắc,"1,530",Quận Liên Chiểu,"1.60891598E1,1.081244888E2"
Region,"22,069,000",Bưu Cục 94 Thanh Tịnh-Hòa Minh-Liên Chiểu-Đà Nẵng,Đà Nẵng,203,40505,Phường Hòa Minh,"1,530",Quận Liên Chiểu,"1.6060589E1,1.08169653E2"
Region,"20,278,000",Bưu Cục Trường Sơn-Hòa Vang-Đà Nẵng,Đà Nẵng,203,40605,Xã Hòa Nhơn,"1,687",Huyện Hòa Vang,"1.600726E1,1.0814923E2"
Region,"20,997,000",Bưu Cục 62 Bắc Sơn-Q.Cẩm Lệ-Đà Nẵng,Đà Nẵng,203,40701,Phường Hòa An,"1,531",Quận Cẩm Lệ,"1.605639E1,1.0817608E2"
Region,"22,126,000",(DNG) ĐL An Khê,Đà Nẵng,203,40701,Phường Hòa An,"1,531",Quận Cẩm Lệ,"1.60408063E1,1.081684675E2"
Region,"20,141,000",Bưu Cục 280 Lê Đại Hành-Q.Cẩm Lệ-Đà Nẵng,Đà Nẵng,203,40702,Phường Hòa Phát,"1,531",Quận Cẩm Lệ,"1.6021260928504E1,1.08197465855506E2"
Region,"20,949,000",Bưu Cục 231 Võ An Ninh-Q.Cẩm Lệ-Đà Nẵng,Đà Nẵng,203,40705,Phường Hòa Xuân,"1,531",Quận Cẩm Lệ,"1.60037468E1,1.082214184E2"
Region,"21,533,004",(QNA) ĐG Hiệp Đức,Quảng Nam,243,800290,Thị Trấn Tân Bình,"2,139",Huyện Hiệp Đức,"1.558398E1,1.08114283E2"
Region,"21,533,002",(QNA) ĐG Nông Sơn 2,Quảng Nam,243,91581,Thị trấn Trung Phước,"2,003",Huyện Quế Sơn,"1.5715884E1,1.08052309E2"
Region,"20,218,000",(PYE) Tuy Hòa 3,Phú Yên,260,390101,Phường 1,"1,663",Thành phố Tuy Hòa,"1.3080185E1,1.09298897E2"
Region,"20,296,000",(PYE) Tuy Hòa 2,Phú Yên,260,390107,Phường 7,"1,663",Thành phố Tuy Hòa,"1.3096285E1,1.09312201E2"
Region,"20,594,000",(PYE) Đồng Xuân,Phú Yên,260,390201,Thị trấn La Hai,"3,186",Huyện Đồng Xuân,"1.33760233E1,1.091022927E2"
Region,"22,314,000",(PYE) Sông Cầu,Phú Yên,260,390302,Phường Xuân Phú,"1,856",Thị Xã Sông Cầu,"1.34619325E1,1.092042339E2"
Region,"22,929,000",(PYE) Tuy An Bắc,Phú Yên,260,390401,Thị trấn Chí Thạnh,"3,284",Huyện Tuy An,"1.3322717E1,1.0921291E2"
Region,"22,932,000",(PYE) Tuy An Nam,Phú Yên,260,390410,Xã An Mỹ,"3,284",Huyện Tuy An,"1.3204151E1,1.09274877E2"
Region,"23,025,000",(PYE) Sơn Hòa,Phú Yên,260,390513,Xã Suối Bạc,"2,211",Huyện Sơn Hòa,"1.3071517E1,1.08977086E2"
Region,"21,121,000",(PYE) Sông Hinh,Phú Yên,260,390601,Thị trấn Hai Riêng,"2,206",Huyện Sông Hinh,"1.2984746E1,1.08902645E2"
Region,"20,678,000",(PYE) Đông Hòa,Phú Yên,260,390702,Phường Hòa Vinh,"3,184",Thị xã Đông Hòa,"1.29942545E1,1.093307962E2"
Region,"21,021,000",(PYE) Tuy Hòa 1,Phú Yên,260,390802,Xã Hòa An,"1,993",Huyện Phú Hòa,"1.3076016E1,1.09284317E2"
Region,"21,357,000",(PYE) Tây Hòa,Phú Yên,260,390901,Thị trấn Phú Thứ,"3,278",Huyện Tây Hòa,"1.29909404E1,1.092353956E2"
Region,"21,478,000",(DLA) Ea Kao,Đắk Lắk,210,400101,Phường Ea Tam,"1,552",Thành phố Buôn Ma Thuột,"1.26507E1,1.08015E2"
Region,"20,988,000",(DLA) Tân An,Đắk Lắk,210,400103,Phường Tân An,"1,552",Thành phố Buôn Ma Thuột,"1.2701525E1,1.08065011E2"
Region,"22,973,000",(DLA) Tân Lập,Đắk Lắk,210,400105,Phường Tân Lập,"1,552",Thành phố Buôn Ma Thuột,"1.2686417E1,1.08072788E2"
Region,"20,458,000",(DLA) Buôn Ma Thuột 2,Đắk Lắk,210,400108,Phường Tân Tiến,"1,552",Thành phố Buôn Ma Thuột,"1.267423E1,1.08029545E2"
Region,"22,976,000",(DLA) Hòa Phú,Đắk Lắk,210,400118,Xã Hòa Phú,"1,552",Thành phố Buôn Ma Thuột,"1.2629699E1,1.07974975E2"
Region,"20,295,000",(DLA) Ea Wer,Đắk Lắk,210,400121,Xã Hòa Xuân,"1,552",Thành phố Buôn Ma Thuột,"1.2807245E1,1.07898751E2"
Region,"20,928,000",(DLA) Buôn Ma Thuột 1,Đắk Lắk,210,400121,Xã Hòa Xuân,"1,552",Thành phố Buôn Ma Thuột,"1.26957783E1,1.080487488E2"
Region,"22,268,000",(DLA) Ea Drăng 2,Đắk Lắk,210,400201,Thị trấn Ea Drăng,"1,786",Huyện Ea H leo,"1.3211131E1,1.08206247E2"
Region,"22,846,000",(DLA) Ea Drăng 1,Đắk Lắk,210,400209,Xã Ea Ral,"1,786",Huyện Ea H leo,"1.325069E1,1.0815523E2"
Region,"22,128,000",(DLA) Pơng Drang,Đắk Lắk,210,400306,Xã Pơng Drang,"2,150",Huyện Krông Búk,"1.2973443E1,1.08238184E2"
Region,"23,016,000",(DLA) Krông Năng,Đắk Lắk,210,400401,Thị trấn Krông Năng,"1,787",Huyện Krông Năng,"1.2956215E1,1.08344821E2"
Region,"21,349,000",(DLA) Dliê Ya,Đắk Lắk,210,400409,Xã Ea Tóh,"1,787",Huyện Krông Năng,"1.30407291E1,1.083324892E2"
Region,"21,341,000",(DLA) Ea Súp,Đắk Lắk,210,400501,Thị trấn Ea Súp,"2,131",Huyện Ea Súp,"1.307406E1,1.07888733E2"
Region,"22,163,000",(DLA) Quảng Phú,Đắk Lắk,210,400602,Thị trấn Quảng Phú,"1,785",Huyện Cư M gar,"1.2830806E1,1.08083722E2"
Region,"20,275,000",(DLA) Krông Pắc,Đắk Lắk,210,400701,Thị trấn Phước An,"1,954",Huyện Krông Pắc,"1.27102068E1,1.083109466E2"
Region,"22,085,000",(DLA) Ea Phê,Đắk Lắk,210,400707,Xã Ea Phê,"1,954",Huyện Krông Pắc,"1.27406106E1,1.083711186E2"
Region,"20,566,000",(DLA) Ea Kar,Đắk Lắk,210,400801,Thị trấn Ea Kar,"1,931",Huyện Ea Kar,"1.2808412E1,1.08451196E2"
Region,"22,315,000",(DLA) Ea Knốp,Đắk Lắk,210,400802,Thị trấn Ea Knốp,"1,931",Huyện Ea Kar,"1.28065193E1,1.085567803E2"
Region,"21,345,000",(DLA) Cư M'ta,Đắk Lắk,210,400903,Xã Cư M'ta,"3,418",Huyện M Đrắk,"1.2742182E1,1.08748606E2"
Region,"21,346,000",(DLA) Krông Ana,Đắk Lắk,210,401001,Thị trấn Buôn Trấp,"1,884",Huyện Krông Ana,"1.24812887E1,1.080353816E2"
Region,"21,433,000",(DLA) Krông Bông,Đắk Lắk,210,401101,Thị trấn Krông Kmar,"1,789",Huyện Krông Bông,"1.2505924E1,1.08333685E2"
Region,"20,660,000",(DLA) Đắk Liêng,Đắk Lắk,210,401205,Xã Đắk Liêng,"3,217",Huyện Lắk,"1.2397361E1,1.08165611E2"
Region,"20,299,000",(DLA) Dray Bhăng,Đắk Lắk,210,401402,Xã Dray Bhăng,"3,153",Huyện Cư Kuin,"1.256339E1,1.08168602E2"
Region,"20,600,000",(DLA) Buôn Hồ,Đắk Lắk,210,401502,Phường An Lạc,"1,788",Thị xã Buôn Hồ,"1.2921404E1,1.0827179E2"
Region,"23,060,000",(DLA) Cư Bao,Đắk Lắk,210,401509,Xã Cư Bao,"1,788",Thị xã Buôn Hồ,"1.279852E1,1.08219015E2"
Region,"22,032,000",(DBI) Điện Biên Phủ,Điện Biên,265,620105,Phường Tân Thanh,"1,676",Thành phố Điện Biên Phủ,"2.1398414203118445E1,1.0301859532486013E2"
Region,"21,438,000",(DBI) Thanh An,Điện Biên,265,620311,Xã Noọng Hẹt,"1,923",Huyện Điện Biên,"2.13147426E1,1.030105036E2"
Region,"20,749,000",(DBI) Tuần Giáo,Điện Biên,265,620401,Thị trấn Tuần Giáo,"2,022",Huyện Tuần Giáo,"2.1585484E1,1.0341462E2"
Region,"20,714,002",Điểm xử lý hàng Nậm Pồ-Điện Biên,Điện Biên,265,620501,Thị Trấn Mường Chà,"1,978",Huyện Mường Chà,"2.1750274E1,1.03090963E2"
Region,"20,714,000",(DBI) Na Sang,Điện Biên,265,620501,Thị Trấn Mường Chà,"1,978",Huyện Mường Chà,"2.1750274E1,1.03090963E2"
Region,"20,993,000",(DBI) Tủa Chùa,Điện Biên,265,620601,Thị trấn Tủa Chùa,"2,021",Huyện Tủa Chùa,"2.185351E1,1.0334946E2"
Region,"22,390,000",(DBI) Na Son,Điện Biên,265,620701,Thị trấn Điện Biên Đông,"2,123",Huyện Điện Biên Đông,"2.1297173E1,1.03225228E2"
Region,"20,968,000",(DBI) Mường Nhé,Điện Biên,265,620804,Xã Mường Nhé,"1,979",Huyện Mường Nhé,"2.2194326E1,1.024544052E2"
Region,"22,947,000",(DBI) Mường Ảng,Điện Biên,265,620901,Thị trấn Mường Ảng,"2,170",Huyện Mường Ảng,"2.1523543E1,1.03232993E2"
Region,"20,114,000",(BPH) Bình Phước 2,Bình Phước,239,430101,Phường Tân Bình,"1,625",Thành phố Đồng Xoài,"1.15302149E1,1.068771833E2"
Region,"21,316,000",(BPH) Bình Phước 1,Bình Phước,239,430102,Phường Tân Đồng,"1,625",Thành phố Đồng Xoài,"1.15381236E1,1.069106602E2"
Region,"21,454,000",(BPH) Đồng Phú,Bình Phước,239,430201,Thị trấn Tân Phú,"1,722",Huyện Đồng Phú,"1.14447779E1,1.068696716E2"
Region,"21,491,000",(BPH) Minh Hưng,Bình Phước,239,430302,Xã Minh Hưng,"1,772",Huyện Chơn Thành,"1.1490152E1,1.06614794E2"
Region,"1,519",(BPH) Chơn Thành,Bình Phước,239,430306,Xã Minh Thành,"1,772",Huyện Chơn Thành,"1.1442112E1,1.06659952E2"
Region,"21,293,000",(BPH) Bình Long,Bình Phước,239,430401,Phường An Lộc,"1,774",Thị xã Bình Long,"1.16505208E1,1.066105917E2"
Region,"22,161,000",(BPH) Lộc Ninh,Bình Phước,239,430511,Xã Lộc Thái,"1,964",Huyện Lộc Ninh,"1.18242485E1,1.065954534E2"
Region,"20,497,000",(BPH) Thiện Hưng,Bình Phước,239,430601,Thị trấn Thanh Bình,"3,140",Huyện Bù Đốp,"1.19660944E1,1.06798149E2"
Region,"21,287,000",(BPH) Phước Bình,Bình Phước,239,430701,Phường Long Phước,"1,775",Thị xã Phước Long,"1.1820287E1,1.06958496E2"
Region,"21,287,007",(BPH) ĐG Phước Long,Bình Phước,239,430705,Phường Thác Mơ,"1,775",Thị xã Phước Long,"1.184E1,1.07002106E2"
Region,"20,276,000",(BPH) Bù Đăng,Bình Phước,239,430801,Thị trấn Đức Phong,"1,899",Huyện Bù Đăng,"1.18115023E1,1.072376812E2"
Region,"21,402,000",(BPH) Nghĩa Trung,Bình Phước,239,430808,Xã Đức Liễu,"1,899",Huyện Bù Đăng,"1.17269067E1,1.071397882E2"
Region,"2,455",(BPH) Đak Nhau,Bình Phước,239,430809,Xã Đường 10,"1,899",Huyện Bù Đăng,"1.1953694E1,1.07182361E2"
Region,"20,494,000",(BPH) Tân Khai,Bình Phước,239,430909,Xã Tân Khai,"1,773",Huyện Hớn Quản,"1.1568175E1,1.06616933E2"
Region,"21,287,005",(BPH) ĐG Đăk Ơ,Bình Phước,239,431004,Xã Đăk Ơ,"3,141",Huyện Bù Gia Mập,"1.204252E1,1.0708534E2"
Region,"21,287,006",(BPH) ĐG Bù Gia Mập,Bình Phước,239,431004,Xã Đăk Ơ,"3,141",Huyện Bù Gia Mập,"1.2058552E1,1.0713275E2"
Region,"21,287,001",(BPH) ĐG Đa Kia,Bình Phước,239,431005,Xã Đức Hạnh,"3,141",Huyện Bù Gia Mập,"1.1886111E1,1.0687286E2"
Region,"21,287,003",(BPH) ĐG Phú Nghĩa 1,Bình Phước,239,431006,Xã Phú Nghĩa,"3,141",Huyện Bù Gia Mập,"1.1906395E1,1.07003263E2"
Region,"21,287,004",(BPH) ĐG Phú Nghĩa 2,Bình Phước,239,431006,Xã Phú Nghĩa,"3,141",Huyện Bù Gia Mập,"1.2002584E1,1.07036392E2"
Region,"21,287,002",(BPH) ĐG Phú Nghĩa 3,Bình Phước,239,431007,Xã Phú Văn,"3,141",Huyện Bù Gia Mập,"1.1907684E1,1.07057846E2"
Region,"21,047,000",(BPH) Phú Riềng 2,Bình Phước,239,431103,Xã Bù Nho,"3,444",Huyện Phú Riềng,"1.1740734E1,1.06875522E2"
Region,"21,629,000",(BPH) Phú Riềng 1,Bình Phước,239,431108,Xã Phú Riềng,"3,444",Huyện Phú Riềng,"1.16626499E1,1.069002774E2"
Region,"22,592,000",(DNA) Trấn Biên 1,Đồng Nai,204,480101,Phường An Bình,"1,536",Thành phố Biên Hòa,"1.09311E1,1.06852037E2"
Region,"21,625,000",(DNA) Trấn Biên 2,Đồng Nai,204,480104,Phường Bửu Long,"1,536",Thành phố Biên Hòa,"1.0959806E1,1.06789889E2"
Region,"21,423,000",(DNA) Long Bình 1,Đồng Nai,204,480105,Phường Hố Nai,"1,536",Thành phố Biên Hòa,"1.09757628E1,1.068777163E2"
Region,"21,054,000",(DNA) Long Bình 2,Đồng Nai,204,480107,Phường Long Bình,"1,536",Thành phố Biên Hòa,"1.09328357E1,1.068778512E2"
Region,"20,866,000",(DNA) Trấn Biên 3,Đồng Nai,204,480110,Phường Quyết Thắng,"1,536",Thành phố Biên Hòa,"1.09508554E1,1.068244285E2"
Region,"21,005,000",(DNA) Long Hưng,Đồng Nai,204,480117,Phường Tân Phong,"1,536",Thành phố Biên Hòa,"1.08984243E1,1.068571227E2"
Region,"20,136,000",(DNA) Tân Triều,Đồng Nai,204,480117,Phường Tân Phong,"1,536",Thành phố Biên Hòa,"1.09745989E1,1.068510147E2"
Region,"21,978,000",(DNA) Tam Hiệp,Đồng Nai,204,480118,Phường Tân Tiến,"1,536",Thành phố Biên Hòa,"1.09644323E1,1.068496083E2"
Region,"21,624,000",(DNA) Trảng Dài 1,Đồng Nai,204,480122,Phường Trảng Dài,"1,536",Thành phố Biên Hòa,"1.0972857E1,1.06855286E2"
Region,"23,019,000",(DNA) Biên Hòa,Đồng Nai,204,480126,Phường Hóa An,"1,536",Thành phố Biên Hòa,"1.0931554E1,1.06806471E2"
Region,"20,763,000",(DNA) Phước Tân,Đồng Nai,204,480128,Xã Phước Tân,"1,536",Thành phố Biên Hòa,"1.0904187E1,1.06917402E2"
Region,"22,079,000",(DNA) Tam Phước,Đồng Nai,204,480129,Xã Tam Phước,"1,536",Thành phố Biên Hòa,"1.08597678E1,1.069450691E2"
Region,"20,472,000",(DNA) Trị An,Đồng Nai,204,480201,Thị trấn Vĩnh An,"2,049",Huyện Vĩnh Cửu,"1.10615692E1,1.070252301E2"
Region,"21,055,000",(DNA) Trảng Dài 2,Đồng Nai,204,480210,Xã Thiện Tân,"2,049",Huyện Vĩnh Cửu,"1.10126093E1,1.068548418E2"
Region,"22,273,000",(DNA) Tà Lài,Đồng Nai,204,480309,Xã Phú Lập,"1,693",Huyện Tân Phú,"1.1368915E1,1.07391207E2"
Region,"1,445",(DNA) Tân Phú,Đồng Nai,204,480318,Xã Trà Cổ,"1,693",Huyện Tân Phú,"1.1259027E1,1.07455536E2"
Region,"20,774,000",(DNA) Định Quán,Đồng Nai,204,480401,Thị trấn Định Quán,"1,700",Huyện Định Quán,"1.1202037E1,1.07346727E2"
Region,"20,986,000",(DNA) Thống Nhất,Đồng Nai,204,480405,Xã Phú Cường,"1,700",Huyện Định Quán,"1.10882102E1,1.07188133E2"
Region,"22,924,000",(DNA) Gia Kiệm,Đồng Nai,204,480502,Xã Gia Kiệm,"1,705",Huyện Thống Nhất,"1.1033045E1,1.07182849E2"
Region,"20,900,000",(DNA) Long Khánh,Đồng Nai,204,480606,Phường Xuân Trung,"1,692",Thành phố Long Khánh,"1.09361889E1,1.072456375E2"
Region,"1,243",(DNA) Hàng Gòn,Đồng Nai,204,480612,Xã Hàng Gòn,"1,692",Thành phố Long Khánh,"1.08918887E1,1.072177167E2"
Region,"20,270,000",(DNA) Xuân Lộc 2,Đồng Nai,204,480701,Thị trấn Gia Ray,"1,704",Huyện Xuân Lộc,"1.09255652E1,1.074058683E2"
Region,"20,756,000",(DNA) Xuân Phú,Đồng Nai,204,480711,Xã Xuân Phú,"1,704",Huyện Xuân Lộc,"1.0905925E1,1.07338298E2"
Region,"21,966,000",(DNA) Xuân Hòa,Đồng Nai,204,480712,Xã Xuân Tâm,"1,704",Huyện Xuân Lộc,"1.0879653E1,1.07436632E2"
Region,"22,541,000",(DNA) Long Thành 2,Đồng Nai,204,480801,Thị trấn Long Thành,"1,694",Huyện Long Thành,"1.0777742E1,1.06941705E2"
Region,"22,739,000",(DNA) An Phước,Đồng Nai,204,480802,Xã An Phước,"1,694",Huyện Long Thành,"1.0812696E1,1.0693723E2"
Region,"22,971,000",(DNA) Long Thành 1,Đồng Nai,204,480807,Xã Lộc An,"1,694",Huyện Long Thành,"1.0798783E1,1.07002275E2"
Region,"22,927,000",(DNA) Long Phước,Đồng Nai,204,480810,Xã Long Phước,"1,694",Huyện Long Thành,"1.0719371E1,1.07024929E2"
Region,"2,429",(DNA) Phước Thái,Đồng Nai,204,480815,Xã Tân Hiệp,"1,694",Huyện Long Thành,"1.0685206E1,1.070364163E2"
Region,"22,508,000",(DNA) Phước An,Đồng Nai,204,480904,Xã Long Thọ,"1,708",Huyện Nhơn Trạch,"1.0688822E1,1.06956277E2"
Region,"21,506,000",(DNA) Đại Phước,Đồng Nai,204,480905,Xã Phú Đông,"1,708",Huyện Nhơn Trạch,"1.07056465E1,1.068249915E2"
Region,"21,308,000",(DNA) Nhơn Trạch,Đồng Nai,204,480911,Xã Phước Thiền,"1,708",Huyện Nhơn Trạch,"1.0753208E1,1.06917497E2"
Region,"1,319",(DNA) Trảng Bom,Đồng Nai,204,481001,Thị trấn Trảng Bom,"1,691",Huyện Trảng Bom,"1.0954525E1,1.07006647E2"
Region,"22,336,000",(DNA) Bình Minh 1,Đồng Nai,204,481003,Xã Bắc Sơn,"1,691",Huyện Trảng Bom,"1.0956136E1,1.06965119E2"
Region,"20,473,000",(DNA) Bình Minh 2,Đồng Nai,204,481005,Xã Bình Minh,"1,691",Huyện Trảng Bom,"1.09553138E1,1.069673351E2"
Region,"21,480,000",(DNA) Hố Nai,Đồng Nai,204,481010,Xã Hố Nai 3,"1,691",Huyện Trảng Bom,"1.09673405E1,1.0691704E2"
Region,"21,451,000",(DNA) Hưng Thịnh,Đồng Nai,204,481017,Xã Trung Hoà,"1,691",Huyện Trảng Bom,"1.0945621E1,1.07061884E2"
Region,"21,352,000",(DNA) Cẩm Mỹ,Đồng Nai,204,481103,Xã Long Giao,"1,702",Huyện Cẩm Mỹ,"1.0814224E1,1.07228278E2"
Region,"21,684,000",(DNA) Xuân Đông,Đồng Nai,204,481113,Xã Xuân Tây,"1,702",Huyện Cẩm Mỹ,"1.0762959E1,1.07342975E2"
Region,"1,398",(DNA) Dầu Giây,Đồng Nai,204,800154,Thị Trấn Dầu Giây,"1,705",Huyện Thống Nhất,"1.09453693E1,1.0713537E2"
Region,"1,083",(DTH) Cao Lãnh,Đồng Tháp,216,500104,Phường 3,"1,564",Thành phố Cao Lãnh,"1.04568613E1,1.05644726E2"
Region,"22,920,000",(DTH) Sa Đéc,Đồng Tháp,216,500205,Phường An Hoà,"1,668",Thành phố Sa Đéc,"1.0292339E1,1.05750553E2"
Region,"22,920,001",(DTH) ĐL Sa Đéc,Đồng Tháp,216,500207,Xã Tân Khánh Đông,"1,668",Thành phố Sa Đéc,"1.0344666E1,1.05734888E2"
Region,"20,861,000",(DTH) Tân Hồng,Đồng Tháp,216,500301,Thị trấn Sa Rài,"2,013",Huyện Tân Hồng,"1.0872682E1,1.05463198E2"
Region,"2,498",(DTH) Tràm Chim,Đồng Tháp,216,500501,Thị trấn Tràm Chim,"2,011",Huyện Tam Nông,"1.0673553E1,1.05550231E2"
Region,"20,139,000",(DTH) Thanh Bình,Đồng Tháp,216,500601,Thị trấn Thanh Bình,"2,026",Huyện Thanh Bình,"1.05569375E1,1.054921875E2"
Region,"22,080,000",(DTH) Mỹ Thọ,Đồng Tháp,216,500701,Thị trấn Mỹ Thọ,"1,724",Huyện Cao Lãnh,"1.04442395E1,1.057007075E2"
Region,"23,056,000",(DTH) Mỹ Hiệp,Đồng Tháp,216,500710,Xã Mỹ Long,"1,724",Huyện Cao Lãnh,"1.0346107E1,1.05779496E2"
Region,"22,812,000",(DTH) Ba Sao,Đồng Tháp,216,500716,Xã Phương Trà,"1,724",Huyện Cao Lãnh,"1.0528199E1,1.05659905E2"
Region,"22,789,001",(DTH) ĐL Lấp Vò,Đồng Tháp,216,500801,Thị trấn Lấp Vò,"1,961",Huyện Lấp Vò,"1.0359262E1,1.05538046E2"
Region,"22,789,000",(DTH) Lấp Vò,Đồng Tháp,216,500803,Xã Bình Thạnh Trung,"1,961",Huyện Lấp Vò,"1.036852E1,1.05523342E2"
Region,"22,372,001",(DTH) ĐL Tân Khánh Trung,Đồng Tháp,216,500808,Xã Long Hưng B,"1,961",Huyện Lấp Vò,"1.0332704E1,1.0568451E2"
Region,"22,797,000",(DTH) Mỹ An Hưng,Đồng Tháp,216,500812,Xã Tân Mỹ,"1,961",Huyện Lấp Vò,"1.0408662E1,1.05647998E2"
Region,"22,461,000",(DTH) Tháp Mười,Đồng Tháp,216,500901,Thị trấn Mỹ An,"2,030",Huyện Tháp Mười,"1.0521115E1,1.05843613E2"
Region,"22,372,000",(DTH) Hòa Long,Đồng Tháp,216,501003,Xã Hòa Long,"1,725",Huyện Lai Vung,"1.0285169E1,1.05673303E2"
Region,"22,877,000",(DTH) Lai Vung,Đồng Tháp,216,501011,Xã Tân Thành,"1,725",Huyện Lai Vung,"1.0271654E1,1.05574613E2"
Region,"22,000,000",(DTH) Tân Nhuận Đông,Đồng Tháp,216,501110,Xã Tân Nhuận Đông,"3,155",Huyện Châu Thành,"1.026496E1,1.0582375E2"
Region,"22,000,001",(DTH) ĐL Tân Phú Trung,Đồng Tháp,216,50119,Xã Tân Bình,"3,155",Huyện Châu Thành,"1.0273219E1,1.05813925E2"
Region,"1,933",(DTH) An Bình,Đồng Tháp,216,501204,Xã An Bình A,"2,059",Thành Phố Hồng Ngự,"1.07758664E1,1.053551587E2"
Region,"1,199",(TGI) Đạo Thạnh,Tiền Giang,212,530106,Phường 5,"1,556",Thành phố Mỹ Tho,"1.03635225E1,1.063426538E2"
Region,"20,795,000",(TGI) Mỹ Phong,Tiền Giang,212,530110,Phường 9,"1,556",Thành phố Mỹ Tho,"1.0362118E1,1.06384348E2"
Region,"22,270,000",(TGI) Long Thuận,Tiền Giang,212,530203,Phường 3,"2,057",Thị xã Gò Công,"1.036792270936296E1,1.0667366220825697E2"
Region,"20,776,000",(TGI) Hậu Mỹ,Tiền Giang,212,530307,Xã Hậu Mỹ Bắc A,"1,900",Huyện Cái Bè,"1.0502134E1,1.05969113E2"
Region,"20,798,000",(TGI) Cái Bè,Tiền Giang,212,530313,Xã Hòa Khánh,"1,900",Huyện Cái Bè,"1.0362964E1,1.05996909E2"
Region,"22,869,000",(TGI) Mỹ Lợi,Tiền Giang,212,530318,Xã Mỹ Lợi B,"1,900",Huyện Cái Bè,"1.0342349E1,1.05913828E2"
Region,"21,313,000",(TGI) Long Tiên,Tiền Giang,212,530406,Xã Long Trung,"2,084",Huyện Cai Lậy,"1.0311779E1,1.06118378E2"
Region,"21,992,000",(TGI) Thạnh Phú,Tiền Giang,212,530412,Xã Phú Cường,"2,084",Huyện Cai Lậy,"1.049852E1,1.0609407E2"
Region,"23,072,000",(TGI) Long Định,Tiền Giang,212,530511,Xã Long Định,"1,740",Huyện Châu Thành,"1.0402591E1,1.06253709E2"
Region,"21,991,000",(TGI) Châu Thành,Tiền Giang,212,530521,Xã Thân Cửu Nghĩa,"1,740",Huyện Châu Thành,"1.04406303E1,1.063415648E2"
Region,"21,528,000",(TGI) Vĩnh Kim,Tiền Giang,212,530523,Xã Vĩnh Kim,"1,740",Huyện Châu Thành,"1.0362863E1,1.06259442E2"
Region,"22,316,000",(TGI) Chợ Gạo,Tiền Giang,212,530609,Xã Long Bình Điền,"1,741",Huyện Chợ Gạo,"1.03527452E1,1.064463981E2"
Region,"20,349,000",(TGI) Đồng Sơn,Tiền Giang,212,530702,Xã Bình Nhì,"1,933",Huyện Gò Công Tây,"1.0357446E1,1.06576769E2"
Region,"22,867,000",(TGI) Gia Thuận,Tiền Giang,212,530806,Xã Kiểng Phước,"1,932",Huyện Gò Công Đông,"1.039183E1,1.06736431E2"
Region,"20,227,000",(TGI) Tân Phước 1,Tiền Giang,212,530901,Thị trấn Mỹ Phước,"3,275",Huyện Tân Phước,"1.0472133E1,1.06196926E2"
Region,"21,559,000",(TGI) Thanh Hòa,Tiền Giang,212,531102,Phường 2,"2,055",Thị Xã Cai Lậy,"1.04100007E1,1.061118142E2"
Region,"22,211,000",(BDI) Quy Nhơn Tây,Bình Định,262,370101,Phường Bùi Thị Xuân,"1,662",Thành phố Quy Nhơn,"1.37584926E1,1.091503097E2"
Region,"20,808,000",(BDI) Quy Nhơn,Bình Định,262,370102,Phường Đống Đa,"1,662",Thành phố Quy Nhơn,"1.378271E1,1.09228254E2"
Region,"20,385,000",(BDI) Quy Nhơn Bắc,Bình Định,262,370111,Phường Nhơn Phú,"1,662",Thành phố Quy Nhơn,"1.37954762E1,1.091779576E2"
Region,"20,173,000",(BDI) Quy Nhơn Nam,Bình Định,262,370112,Phường Quang Trung,"1,662",Thành phố Quy Nhơn,"1.3762727E1,1.092009277E2"
Region,"20,573,000",(BDI) An Hòa,Bình Định,262,370203,Xã An Hòa,"1,886",Huyện An Lão,"1.455455E1,1.089004447E2"
Region,"21,989,000",(BDI) Hoài Ân,Bình Định,262,370301,Thị trấn Tăng Bạt Hổ,"2,140",Huyện Hoài Ân,"1.4365018E1,1.08965539E2"
Region,"22,609,000",(BDI) Hoài Nhơn Tây,Bình Định,262,370407,Phường Hoài Hảo,"1,771",Thị xã Hoài Nhơn,"1.4537899E1,1.09038996E2"
Region,"23,058,000",(BDI) Hoài Nhơn Nam 1,Bình Định,262,370412,Phường Hoài Tân,"1,771",Thị xã Hoài Nhơn,"1.4453223E1,1.09022321E2"
Region,"1,434",(BDI) Hoài Nhơn Nam 2,Bình Định,262,370412,Phường Hoài Tân,"1,771",Thị xã Hoài Nhơn,"1.4480658E1,1.0903351E2"
Region,"23,014,000",(BDI) Bình Dương,Bình Định,262,370501,Thị trấn Bình Dương,"3,254",Huyện Phù Mỹ,"1.4291787E1,1.0908406E2"
Region,"22,735,000",(BDI) Phù Mỹ,Bình Định,262,370502,Thị trấn Phù Mỹ,"3,254",Huyện Phù Mỹ,"1.417951E1,1.09051351E2"
Region,"22,767,000",(BDI) Cát Tiến,Bình Định,262,370615,Xã Cát Thành,"1,770",Huyện Phù Cát,"1.408675E1,1.09192667E2"
Region,"22,393,000",(BDI) Phù Cát,Bình Định,262,370617,Xã Cát Trinh,"1,770",Huyện Phù Cát,"1.4009167E1,1.09058754E2"
Region,"22,747,000",(BDI) Vĩnh Thạnh,Bình Định,262,370702,Xã Vĩnh Hảo,"2,258",Huyện Vĩnh Thạnh,"1.4119565E1,1.08784022E2"
Region,"20,172,000",(BDI) Tây Sơn,Bình Định,262,370801,Thị trấn Phú Phong,"3,279",Huyện Tây Sơn,"1.39103602E1,1.089131764E2"
Region,"22,736,000",(BDI) Vân Canh,Bình Định,262,370901,Thị trấn Vân Canh,"3,312",Huyện Vân Canh,"1.364362E1,1.0900398E2"
Region,"21,127,000",(BDI) Bình Định,Bình Định,262,371001,Phường Bình Định,"1,769",Thị xã An Nhơn,"1.3885603E1,1.091046268E2"
Region,"23,051,000",(BDI) Tuy Phước,Bình Định,262,371101,Thị trấn Diêu Trì,"2,023",Huyện Tuy Phước,"1.3817221E1,1.09146717E2"
Region,"20,470,000",(GLA) Hội Phú,Gia Lai,207,380101,Phường Chi Lăng,"1,546",Thành phố Pleiku,"1.39433557E1,1.080109317E2"
Region,"20,200,000",(GLA) Thống Nhất,Gia Lai,207,380103,Phường Đống Đa,"1,546",Thành phố Pleiku,"1.4012735310337657E1,1.079928856818537E2"
Region,"20,245,000",(GLA) Pleiku,Gia Lai,207,380104,Phường Hoa Lư,"1,546",Thành phố Pleiku,"1.3987606940107865E1,1.08022871195856E2"
Region,"20,328,000",(GLA) Chư Păh,Gia Lai,207,380202,Thị trấn Phú Hòa,"1,801",Huyện Chư Păh,"1.4102216E1,1.07973014E2"
Region,"23,043,000",(GLA) Mang Yang 1,Gia Lai,207,380301,Thị trấn Kon Dơng,"2,165",Huyện Mang Yang,"1.4043224E1,1.08268932E2"
Region,"20,856,000",(GLA) Mang Yang 2,Gia Lai,207,380301,Thị trấn Kon Dơng,"2,165",Huyện Mang Yang,"1.4036293E1,1.082520536E2"
Region,"22,074,000",(GLA) Kbang,Gia Lai,207,380401,Thị trấn KBang,"2,144",Huyện Kbang,"1.41403955E1,1.086001093E2"
Region,"20,572,000",(GLA) An Khê,Gia Lai,207,380502,Phường An Phú,"1,800",Thị xã An Khê,"1.3950136E1,1.08655641E2"
Region,"20,341,000",(GLA) Đức Cơ,Gia Lai,207,380701,Thị trấn Chư Ty,"1,794",Huyện Đức Cơ,"1.3806076E1,1.07701065E2"
Region,"20,998,000",(GLA) Chư Prông,Gia Lai,207,380801,Thị trấn Chư Prông,"1,795",Huyện Chư Prông,"1.3758255E1,1.07886495E2"
Region,"20,342,000",(GLA) Chư Sê,Gia Lai,207,380901,Thị trấn Chư Sê,"1,796",Huyện Chư Sê,"1.3689551E1,1.08082649E2"
Region,"20,698,000",(GLA) Ayun Pa,Gia Lai,207,381002,Phường Đoàn Kết,"1,798",Thị xã Ayun Pa,"1.34035996E1,1.084407839E2"
Region,"20,957,000",(GLA) Ia Grai,Gia Lai,207,381201,Thị trấn Ia Kha,"1,793",Huyện Ia Grai,"1.3960086E1,1.0785672E2"
Region,"23,041,000",(GLA) Ia Krái,Gia Lai,207,381208,Xã Ia KRai,"1,793",Huyện Ia Grai,"1.3973444E1,1.07655333E2"
Region,"20,327,000",(GLA) Đak Đoa,Gia Lai,207,381301,Thị trấn Đăk Đoa,"2,118",Huyện Đắk Đoa,"1.3995906E1,1.08115577E2"
Region,"20,551,000",(GLA) Phú Thiện,Gia Lai,207,381601,Thị trấn Phú Thiện,"1,797",Huyện Phú Thiện,"1.3527979E1,1.08323563E2"
Region,"20,571,000",(GLA) Chư Pưh,Gia Lai,207,381701,Thị trấn Nhơn Hoà,"2,101",Huyện Chư Pưh,"1.3540641E1,1.08102699E2"
Region,"22,506,000",Bưu Cục 450 Bờ Tây Sông Nhuệ-Q.Bắc Từ Liêm-HN,Hà Nội,201,11002,Phường Cổ Nhuế 2,"1,482",Quận Bắc Từ Liêm,"2.1064574E1,1.05771607E2"
Region,"22,543,000",(HNO) CK Đông Ngạc,Hà Nội,201,11002,Phường Cổ Nhuế 2,"1,482",Quận Bắc Từ Liêm,"2.1064574E1,1.05771607E2"
Region,"22,818,000",Bưu Cục 366 Phạm Văn Đồng-Q.Bắc Từ Liêm-HN,Hà Nội,201,11002,Phường Cổ Nhuế 2,"1,482",Quận Bắc Từ Liêm,"2.1058273E1,1.05782497E2"
Region,"21,450,000",Bưu Cục 155 Phú Diễn-Phú Diễn-Bắc Từ Liêm-HN,Hà Nội,201,11007,Phường Phú Diễn,"1,482",Quận Bắc Từ Liêm,"2.104739E1,1.0576327E2"
Region,"20,641,000",Bưu Cục 108 Phố Nhổn-Q.Bắc Từ Liêm-Hà Nội,Hà Nội,201,11009,Phường Tây Tựu,"1,482",Quận Bắc Từ Liêm,"2.10563013E1,1.057302076E2"
Region,"20,404,000",Bưu Cục 139 Thụy Phương-Q.Bắc Từ Liêm-HN,Hà Nội,201,11011,Phường Thụy Phương,"1,482",Quận Bắc Từ Liêm,"2.109094109E1,1.057775882E2"
Region,"20,092,000",Bưu cục 253 Phạm Văn Đồng-Q.Bắc Từ Liêm-Hà Nội,Hà Nội,201,11012,Phường Xuân Đỉnh,"1,482",Quận Bắc Từ Liêm,"2.1073257E1,1.05785887E2"
Region,"23,017,000",(HNO) CK Xuân Đỉnh,Hà Nội,201,11012,Phường Xuân Đỉnh,"1,482",Quận Bắc Từ Liêm,"2.1076034E1,1.05794131E2"
Region,"22,913,001",(HNO) CK Đại Mỗ,Hà Nội,201,13002,Phường Đại Mỗ,"3,440",Quận Nam Từ Liêm,"2.0986495E1,1.05767718E2"
Region,"22,913,000",Bưu Cục 26 Đại Mỗ-Q.Nam Từ Liêm-HN,Hà Nội,201,13002,Phường Đại Mỗ,"3,440",Quận Nam Từ Liêm,"2.0986497E1,1.05767741E2"
Region,"22,974,000",(HNO) CK Từ Liêm,Hà Nội,201,13003,Phường Mễ Trì,"3,440",Quận Nam Từ Liêm,"2.1014304E1,1.0576568E2"
Region,"1,379",Bưu Cục 97 Thiên Hiền-Q.Nam Từ Liêm-HN,Hà Nội,201,13004,Phường Mỹ Đình 1,"3,440",Quận Nam Từ Liêm,"2.102294E1,1.05775855E2"
Region,"20,919,000",Bưu Cục Mỹ Đình 2-Q.Nam Từ Liêm-HN,Hà Nội,201,13005,Phường Mỹ Đình 2,"3,440",Quận Nam Từ Liêm,"2.102935E1,1.0576934E2"
Region,"22,881,000",Bưu Cục 142 Hồng Đô-Q.Nam Từ Liêm-HN,Hà Nội,201,13006,Phường Phú Đô,"3,440",Quận Nam Từ Liêm,"2.1014218E1,1.05765971E2"
Region,"20,087,000",Bưu Cục C14 Bắc Hà-Q.Nam Từ Liêm-HN,Hà Nội,201,13009,Phường Trung Văn,"3,440",Quận Nam Từ Liêm,"2.0990016E1,1.05784293E2"
Region,"20,936,000",Bưu Cục 631 Phúc Diễn-Q.Nam Từ Liêm-HN,Hà Nội,201,13010,Phường Xuân Phương,"3,440",Quận Nam Từ Liêm,"2.1028426E1,1.05756139E2"
Region,"22,750,000",(HNO) CK Xuân Phương,Hà Nội,201,13010,Phường Xuân Phương,"3,440",Quận Nam Từ Liêm,"2.1031486E1,1.0574608E2"
Region,"20,937,000",Bưu cục 8.03-TT8 Xuân Phương-Q.Nam Từ Liêm-HN,Hà Nội,201,13010,Phường Xuân Phương,"3,440",Quận Nam Từ Liêm,"2.1028769E1,1.05743193E2"
Region,"20,091,000",Bưu Cục 61 Kim Mã-Q.Ba Đình-HN,Hà Nội,201,1A0105,Phường Kim Mã,"1,484",Quận Ba Đình,"2.103221987E1,1.058277081E2"
Region,"20,053,000",Bưu Cục 303 Hoàng Hoa Thám-Q.Ba Đình-HN,Hà Nội,201,1A0106,Phường Liễu Giai,"1,484",Quận Ba Đình,"2.104225556E1,1.058184068E2"
Region,"21,045,000",Bưu Cục 984 Đê La Thành-Ba Đình-HN,Hà Nội,201,1A0108,Phường Ngọc Khánh,"1,484",Quận Ba Đình,"2.1026045E1,1.0581048E2"
Region,"2,475",Bưu Cục 15 Hàng Bún-Q.Ba Đình-HN,Hà Nội,201,1A0109,Phường Nguyễn Trung Trực,"1,484",Quận Ba Đình,"2.1043324E1,1.05845677E2"
Region,"20,925,000",Bưu Cục 88 Bạch Đằng-Hoàn Kiếm-HN,Hà Nội,201,1A0201,Phường Chương Dương,"1,489",Quận Hoàn Kiếm,"2.10297149E1,1.058599972E2"
Region,"2,525",Bưu Cục 22 Thanh Yên-Q.Hoàn Kiếm-HN,Hà Nội,201,1A0216,Phường Phúc Tân,"1,489",Quận Hoàn Kiếm,"2.1037548E1,1.05854078E2"
Region,"23,063,000",(HNO) CK Hai Bà Trưng,Hà Nội,201,1A0301,Phường Bạch Đằng,"1,488",Quận Hai Bà Trưng,"2.101621E1,1.05864583E2"
Region,"20,047,000",Bưu Cục 53 Lãng Yên-Q.Hai Bà Trưng-HN,Hà Nội,201,1A0301,Phường Bạch Đằng,"1,488",Quận Hai Bà Trưng,"2.10089985E1,1.058666449E2"
Region,"2,332",Bưu Cục 55C Nguyễn Khoái-Q.Hai Bà Trưng-HN,Hà Nội,201,1A0301,Phường Bạch Đằng,"1,488",Quận Hai Bà Trưng,"2.1015425E1,1.05863139E2"
Region,"20,049,000",Bưu Cục 109 E3-Q.Hai Bà Trưng-HN,Hà Nội,201,1A0303,Phường Bạch Mai,"1,488",Quận Hai Bà Trưng,"2.1003327E1,1.05849394E2"
Region,"1,489",Bưu Cục 263 Phố Vọng-Q.Hai Bà Trưng-HN,Hà Nội,201,1A0308,Phường Đồng Tâm,"1,488",Quận Hai Bà Trưng,"2.0994889E1,1.05842653E2"
Region,"23,027,000",(HNO) CK Tương Mai,Hà Nội,201,1A0310,Phường Minh Khai,"1,488",Quận Hai Bà Trưng,"2.0994965E1,1.05856394E2"
Region,"20,081,000",Bưu Cục 16A Hòa Mã -Q.Hai Bà Trưng-HN,Hà Nội,201,1A0313,Phường Phạm Đình Hổ,"1,488",Quận Hai Bà Trưng,"2.10156138E1,1.058556383E2"
Region,"1,356",Bưu Cục 221 Kim Ngưu-Q.Hai Bà Trưng-HN,Hà Nội,201,1A0317,Phường Thanh Lương,"1,488",Quận Hai Bà Trưng,"2.1005077888670478E1,1.0586141522452877E2"
Region,"20,001,000",Bưu cục 896 Minh Khai-Q.Hai Bà Trưng-HN,Hà Nội,201,1A0317,Phường Thanh Lương,"1,488",Quận Hai Bà Trưng,"2.1004527E1,1.05869162E2"
Region,"20,742,000",Bưu Cục 10 Vĩnh Tuy-Q.Hai Bà Trưng-HN,Hà Nội,201,1A0320,Phường Vĩnh Tuy,"1,488",Quận Hai Bà Trưng,"2.1001347E1,1.05873449E2"
Region,"22,990,000",(HNO) CK Kim Liên,Hà Nội,201,1A0405,Phường Kim Liên,"1,486",Quận Đống Đa,"2.100313E1,1.0583268E2"
Region,"20,054,000",Bưu Cục 14 Huỳnh Thúc Kháng-Q.Đống Đa-HN,Hà Nội,201,1A0406,Phường Láng Hạ,"1,486",Quận Đống Đa,"2.101907E1,1.0581165E2"
Region,"2,389",Bưu Cục 107 Nguyễn Chí Thanh-Q.Đống Đa-HN,Hà Nội,201,1A0407,Phường Láng Thượng,"1,486",Quận Đống Đa,"2.1015249E1,1.0580551E2"
Region,"2,520",Bưu Cục 09 Hoàng Cầu-Q.Đống Đa-HN,Hà Nội,201,1A0410,Phường Ô Chợ Dừa,"1,486",Quận Đống Đa,"2.10162422E1,1.058213612E2"
Region,"20,766,000",Bưu Cục 33 Đặng Trần Côn-Q.Đống Đa-HN,Hà Nội,201,1A0414,Phường Quốc Tử Giám,"1,486",Quận Đống Đa,"2.10267904E1,1.058329227E2"
Region,"1,352",Bưu Cục 114 Yên Lãng-Q.Đống Đa-HN,Hà Nội,201,1A0415,Phường Thịnh Quang,"1,486",Quận Đống Đa,"2.1010084E1,1.05815667E2"
Region,"22,669,000",Bưu Cục 90 Trung Phụng-Q.Đống Đa-HN,Hà Nội,201,1A0420,Phường Văn Chương,"1,486",Quận Đống Đa,"2.1015798E1,1.05835589E2"
Region,"22,474,000",Bưu Cục 17 Phú Thượng-Q.Tây Hồ-HN,Hà Nội,201,1A0503,Phường Phú Thượng,"1,492",Quận Tây Hồ,"2.1087739E1,1.05811022E2"
Region,"22,696,000",Bưu Cục 19 Đê Quai-Q.Tây Hồ-HN,Hà Nội,201,1A0506,Phường Tứ Liên,"1,492",Quận Tây Hồ,"2.1066878E1,1.05835519E2"
Region,"22,317,000",Bưu Cục 172 Võ Chí Công-Xuân La-Tây Hồ-HN,Hà Nội,201,1A0507,Phường Xuân La,"1,492",Quận Tây Hồ,"2.1056655186441333E1,1.0580481637301598E2"
Region,"2,503",Bưu cục 41 Trần Quốc Vượng-Q.Cầu giấy-HN,Hà Nội,201,1A0602,Phường Dịch Vọng Hậu,"1,485",Quận Cầu Giấy,"2.103559956E1,1.05786288E2"
Region,"20,839,000",Bưu Cục 41 Phố Nguyễn Khả Trạc-Q.Cầu Giấy-HN,Hà Nội,201,1A0603,Phường Mai Dịch,"1,485",Quận Cầu Giấy,"2.10457456E1,1.057768115E2"
Region,"20,809,000",Bưu Cục 20 Đông Quan-Q.Cầu Giấy-HN,Hà Nội,201,1A0604,Phường Nghĩa Đô,"1,485",Quận Cầu Giấy,"2.1039919592545353E1,1.0580521454521207E2"
Region,"20,123,000",Bưu Cục 7C10 Nguyễn Phong Sắc-Cầu Giấy-Hà Nội,Hà Nội,201,1A0605,Phường Nghĩa Tân,"1,485",Quận Cầu Giấy,"2.1042015E1,1.05790352E2"
Region,"22,928,000",(HNO) CK Nghĩa Đô 1,Hà Nội,201,1A0605,Phường Nghĩa Tân,"1,485",Quận Cầu Giấy,"2.1043407E1,1.05789099E2"
Region,"20,513,000",(HNO) CK Nghĩa Đô 2,Hà Nội,201,1A0606,Phường Quan Hoa,"1,485",Quận Cầu Giấy,"2.1034442E1,1.05804201E2"
Region,"22,165,000",Bưu Cục Lưu Quang Vũ-Trung Hòa-Cầu Giấy-HN,Hà Nội,201,1A0607,Phường Trung Hoà,"1,485",Quận Cầu Giấy,"2.10156114E1,1.058020655E2"
Region,"20,040,000",Bưu cục 126 Hoàng Ngân-Q.Cầu Giấy-HN,Hà Nội,201,1A0607,Phường Trung Hoà,"1,485",Quận Cầu Giấy,"2.100974856E1,1.058066455E2"
Region,"22,952,000",Bưu Cục 85C Nguyễn Khang-Q.Cầu Giấy-HN,Hà Nội,201,1A0608,Phường Yên Hoà,"1,485",Quận Cầu Giấy,"2.1018712E1,1.05801939E2"
Region,"22,966,001",Bưu Cục 272 Nguyễn Xiển-Thanh Xuân-HN,Hà Nội,201,1A0701,Phường Hạ Đình,"1,493",Quận Thanh Xuân,"2.0984853E1,1.05807582E2"
Region,"1,353",Bưu Cục 188 Khương Đình-Q.Thanh Xuân-HN,Hà Nội,201,1A0701,Phường Hạ Đình,"1,493",Quận Thanh Xuân,"2.0993634E1,1.0581394E2"
Region,"22,720,000",Bưu Cục 270 Nguyễn Xiển-Thanh Xuân-HN,Hà Nội,201,1A0701,Phường Hạ Đình,"1,493",Quận Thanh Xuân,"2.0984608E1,1.05807188E2"
Region,"22,966,000",(HNO) CK Thanh Liệt 2,Hà Nội,201,1A0701,Phường Hạ Đình,"1,493",Quận Thanh Xuân,"2.0984853E1,1.05807582E2"
Region,"20,103,000",Bưu Cục 559 Vũ Tông Phan-Q.Thanh Xuân-HN,Hà Nội,201,1A0702,Phường Khương Đình,"1,493",Quận Thanh Xuân,"2.09847301E1,1.058151779E2"
Region,"20,614,000",Bưu Cục 142A Khuất Duy Tiến-Q.Thanh Xuân-HN,Hà Nội,201,1A0706,Phường Nhân Chính,"1,493",Quận Thanh Xuân,"2.0997472678909645E1,1.0579943577116413E2"
Region,"20,384,000",Bưu Cục 8B Nguyễn Lân-Q.Thanh Xuân-HN,Hà Nội,201,1A0707,Phường Phương Liệt,"1,493",Quận Thanh Xuân,"2.09961017E1,1.058362074E2"
Region,"20,020,000",Bưu cục 442 Nguyễn Trãi-Q.Thanh Xuân-HN,Hà Nội,201,1A0710,Phường Thanh Xuân Trung,"1,493",Quận Thanh Xuân,"2.09927328E1,1.0580469E2"
Region,"2,461",Bưu Cục 229 Quan Nhân-Q.Thanh Xuân-HN,Hà Nội,201,1A0710,Phường Thanh Xuân Trung,"1,493",Quận Thanh Xuân,"2.1001105E1,1.05810285E2"
Region,"21,588,000",Bưu Cục 84 Đặng Xuân Bảng-Đại Kim-Hoàng Mai-HN,Hà Nội,201,1A0801,Phường Đại Kim,"1,490",Quận Hoàng Mai,"2.09729426E1,1.058288597E2"
Region,"22,612,000",(HNO) CK Phương Liệt,Hà Nội,201,1A0802,Phường Định Công,"1,490",Quận Hoàng Mai,"2.098752E1,1.05827295E2"
Region,"21,488,000",Bưu Cục 298 Trần Điền-Định Công-Hoàng Mai-Hà Nội,Hà Nội,201,1A0802,Phường Định Công,"1,490",Quận Hoàng Mai,"2.09875756E1,1.058267509E2"
Region,"20,210,000",Bưu Cục TT03 Tây Nam Linh Đàm-Q.Hoàng Mai-HN,Hà Nội,201,1A0804,Phường Hoàng Liệt,"1,490",Quận Hoàng Mai,"2.0958025E1,1.05824172E2"
Region,"21,675,000",Bưu Cục 325 LouisI-Q.Hoàng Mai-HN,Hà Nội,201,1A0805,Phường Hoàng Văn Thụ,"1,490",Quận Hoàng Mai,"2.09828884E1,1.058598936E2"
Region,"22,925,000",Bưu Cục 79/9B Thanh Đàm-Q.Hoàng Mai-HN,Hà Nội,201,1A0809,Phường Thanh Trì,"1,490",Quận Hoàng Mai,"2.099314E1,1.05888104E2"
Region,"21,472,000",Bưu Cục 63 Đường Bờ Sông Sét-Thịnh Liệt-Hoàng Mai-HN,Hà Nội,201,1A0810,Phường Thịnh Liệt,"1,490",Quận Hoàng Mai,"2.0974965634491962E1,1.0585073530377217E2"
Region,"22,490,000",(HNO) CK Hoàng Mai,Hà Nội,201,1A0810,Phường Thịnh Liệt,"1,490",Quận Hoàng Mai,"2.0974118E1,1.05841631E2"
Region,"22,649,000",(HNO) Hoàng Mai,Hà Nội,201,1A0810,Phường Thịnh Liệt,"1,490",Quận Hoàng Mai,"2.0971942E1,1.05841966E2"
Region,"20,364,000",Bưu Cục Số 1 Tân Khai-Q.Hoàng Mai-HN,Hà Nội,201,1A0813,Phường Vĩnh Hưng,"1,490",Quận Hoàng Mai,"2.09925395E1,1.058733538E2"
Region,"21,354,000",Bưu Cục 29 Hưng Phúc-Yên Sở-Q.Hoàng Mai-HN,Hà Nội,201,1A0814,Phường Yên Sở,"1,490",Quận Hoàng Mai,"2.09626058E1,1.058692754E2"
Region,"21,527,000",Bưu Cục 849 Ngô Gia Tự-Đức Giang-Long Biên-HN,Hà Nội,201,1A0903,Phường Đức Giang,"1,491",Quận Long Biên,"2.1070975E1,1.059027878E2"
Region,"23,067,000",(HNO) CK Việt Hưng,Hà Nội,201,1A0903,Phường Đức Giang,"1,491",Quận Long Biên,"2.1073431E1,1.05906064E2"
Region,"21,662,000",Bưu Cục Tổ 5 Giang Biên-Long Biên-HN,Hà Nội,201,1A0905,Phường Giang Biên,"1,491",Quận Long Biên,"2.10626399E1,1.059193728E2"
Region,"21,696,000",Bưu Cục TT1 Khu tái định cư Ngọc Thụy-Long Biên-HN,Hà Nội,201,1A0908,Phường Ngọc Thụy,"1,491",Quận Long Biên,"2.1056668E1,1.05871791E2"
Region,"22,615,000",(HNO) CK Phúc Lợi,Hà Nội,201,1A0909,Phường Phúc Đồng,"1,491",Quận Long Biên,"2.1035551E1,1.05914622E2"
Region,"23,013,000",Bưu Cục Chuyên Lấy-Cụm KCN Đài Tư-HN,Hà Nội,201,1A0911,Phường Sài Đồng,"1,491",Quận Long Biên,"2.1033157E1,1.0592158E2"
Region,"20,743,000",Bưu Cục 60 Sài Đồng-Q.Long Biên-Hà Nội,Hà Nội,201,1A0911,Phường Sài Đồng,"1,491",Quận Long Biên,"2.1034681E1,1.05910354E2"
Region,"22,354,000",Bưu Cục Khu tái định cư X6-Thạch Bàn-HN,Hà Nội,201,1A0912,Phường Thạch Bàn,"1,491",Quận Long Biên,"2.1023346572393244E1,1.05907857373016E2"
Region,"22,888,000",(HNO) CK Ngọc Hồi,Hà Nội,201,1A1107,Xã Ngọc Hồi,"1,710",Huyện Thanh Trì,"2.0923139E1,1.05843536E2"
Region,"20,125,000",Bưu cục Ngọc Hồi-Thanh Trì-HN,Hà Nội,201,1A1107,Xã Ngọc Hồi,"1,710",Huyện Thanh Trì,"2.0924E1,1.0584216E2"
Region,"22,510,000",Bưu Cục 35 Liền Kề 9 KĐT Đại Thanh-Thanh Trì-HN,Hà Nội,201,1A1109,Xã Tả Thanh Oai,"1,710",Huyện Thanh Trì,"2.0954945E1,1.05807792E2"
Region,"22,424,000",(HNO) CK Thanh Liệt 1,Hà Nội,201,1A1111,Xã Tân Triều,"1,710",Huyện Thanh Trì,"2.0968115E1,1.05800257E2"
Region,"20,126,000",Bưu cục Yên Xá-Thanh Trì-HN,Hà Nội,201,1A1111,Xã Tân Triều,"1,710",Huyện Thanh Trì,"2.0972782E1,1.05796357E2"
Region,"20,357,000",Bưu Cục 882 Kim Giang-Thanh Trì-HN,Hà Nội,201,1A1112,Xã Thanh Liệt,"1,710",Huyện Thanh Trì,"2.09613024E1,1.05813687E2"
Region,"22,857,000",Bưu Cục 39 KTĐC Tứ Hiệp-Thanh Trì-HN,Hà Nội,201,1A1113,Xã Tứ Hiệp,"1,710",Huyện Thanh Trì,"2.0940439E1,1.05852735E2"
Region,"22,991,000",(HNO) CK Gia Lâm,Hà Nội,201,1A1201,Thị trấn Trâu Quỳ,"1,703",Huyện Gia Lâm,"2.1017084E1,1.05937599E2"
Region,"20,099,000",Bưu cục 148 Trâu Quỳ-Gia Lâm-HN,Hà Nội,201,1A1201,Thị trấn Trâu Quỳ,"1,703",Huyện Gia Lâm,"2.10014959E1,1.059390521E2"
Region,"20,211,000",Bưu cục 602 Hà Huy Tập-Gia Lâm-HN,Hà Nội,201,1A1202,Thị trấn Yên Viên,"1,703",Huyện Gia Lâm,"2.10911315E1,1.059229204E2"
Region,"22,355,000",Bưu Cục CL9 Đường Tràng An-Bát Tràng-HN,Hà Nội,201,1A1203,Xã Bát Tràng,"1,703",Huyện Gia Lâm,"2.0974669E1,1.05917647E2"
Region,"20,038,000",Bưu cục 296 đường Ỷ Lan-Gia Lâm-HN,Hà Nội,201,1A1206,Xã Đặng Xá,"1,703",Huyện Gia Lâm,"2.10212845E1,1.059644118E2"
Region,"21,376,000",Bưu Cục 36 Lý Chiêu Hoàng-Ninh Hiệp-Gia Lâm-Hà Nội,Hà Nội,201,1A1216,Xã Ninh Hiệp,"1,703",Huyện Gia Lâm,"2.10915349E1,1.059426866E2"
Region,"22,418,000",Bưu Cục Ngõ 26 Xóm Vang-Xã Đông Anh-HN,Hà Nội,201,1A1303,Xã Cổ Loa,"1,582",Huyện Đông Anh,"2.11126E1,1.05878277E2"
Region,"22,962,000",Bưu Cục Thôn Hải Bối-Xã Vĩnh Thanh-HN,Hà Nội,201,1A1307,Xã Hải Bối,"1,582",Huyện Đông Anh,"2.1108069E1,1.05807065E2"
Region,"22,962,001",(HNO) CK Vĩnh Thanh,Hà Nội,201,1A1307,Xã Hải Bối,"1,582",Huyện Đông Anh,"2.1108069E1,1.05807065E2"
Region,"22,362,000",Bưu Cục 3 Thôn Cầu Thăng Long-Đông Anh-HN,Hà Nội,201,1A1309,Xã Kim Nỗ,"1,582",Huyện Đông Anh,"2.11295402E1,1.057895779E2"
Region,"20,010,000",(HNO) Thư Lâm,Hà Nội,201,1A1310,Xã Liên Hà,"1,582",Huyện Đông Anh,"2.11532303E1,1.058893945E2"
Region,"22,879,000",Bưu Cục Chuyên Lấy KCN HNT-Đông Anh-HN,Hà Nội,201,1A1313,Xã Nguyên Khê,"1,582",Huyện Đông Anh,"2.116896E1,1.05839153E2"
Region,"21,562,000",Bưu Cục Cổ Dương-Tiên Dương-Đông Anh-HN,Hà Nội,201,1A1316,Xã Tiên Dương,"1,582",Huyện Đông Anh,"2.11541741E1,1.058275335E2"
Region,"22,619,000",(HNO) CK Thư Lâm,Hà Nội,201,1A1317,Xã Uy Nỗ,"1,582",Huyện Đông Anh,"2.11719012E1,1.058550532E2"
Region,"22,985,000",(HNO) CK Sóc Sơn,Hà Nội,201,1A1401,Thị trấn Sóc Sơn,"1,583",Huyện Sóc Sơn,"2.1256215E1,1.0585758E2"
Region,"20,312,000",Bưu Cục Đường Núi Đôi-Sóc Sơn-HN,Hà Nội,201,1A1401,Thị trấn Sóc Sơn,"1,583",Huyện Sóc Sơn,"2.1257079E1,1.05857532E2"
Region,"20,108,000",Bưu Cục 39 Gò Sỏi-Sóc Sơn-HN,Hà Nội,201,1A1407,Xã Hồng Kỳ,"1,583",Huyện Sóc Sơn,"2.1289057E1,1.05861237E2"
Region,"22,395,000",Bưu Cục Đường Băng Xuân Bách-Xã Nội Bài-HN,Hà Nội,201,1A1417,Xã Quang Tiến,"1,583",Huyện Sóc Sơn,"2.12398E1,1.05804038E2"
Region,"22,421,000",Bưu Cục 54 Ngõ 80 La Nội-Phường Dương Nội-HN,Hà Nội,201,1B1503,Phường Dương Nội,"1,542",Quận Hà Đông,"2.0978852E1,1.05750958E2"
Region,"22,536,000",Bưu Cục 51A Tiến Thành-Q.Hà Đông-HN,Hà Nội,201,1B1503,Phường Dương Nội,"1,542",Quận Hà Đông,"2.0992259E1,1.05740026E2"
Region,"20,032,000",Bưu Cục 24 ngõ 80 La Nội-Q.Hà Đông-HN,Hà Nội,201,1B1503,Phường Dương Nội,"1,542",Quận Hà Đông,"2.097984481E1,1.057492971E2"
Region,"21,325,000",Bưu Cục Hà Trì-Hà Cầu-Hà Đông-HN,Hà Nội,201,1B1504,Phường Hà Cầu,"1,542",Quận Hà Đông,"2.0965623E1,1.05778623E2"
Region,"20,530,000",Bưu Cục 224 Lê Trọng Tấn-Q.Hà Đông-HN,Hà Nội,201,1B1506,Phường La Khê,"1,542",Quận Hà Đông,"2.09672133E1,1.057566865E2"
Region,"20,620,000",Bưu cục 36 TT9 KĐT Văn Phú-Q.Hà Đông-HN,Hà Nội,201,1B1509,Phường Phú La,"1,542",Quận Hà Đông,"2.0955016E1,1.05771207E2"
Region,"22,502,000",(HNO) Kiến Hưng,Hà Nội,201,1B1509,Phường Phú La,"1,542",Quận Hà Đông,"2.0955016E1,1.05771207E2"
Region,"22,353,000",Bưu Cục Số Nhà F8-Khu Đấu Giá Phú Lương 1-Phú Lương-HN,Hà Nội,201,1B1511,Phường Phú Lương,"1,542",Quận Hà Đông,"2.09370516E1,1.057590465E2"
Region,"21,549,000",Bưu Cục 10BT4 KĐT Văn Quán-Phúc La-Hà Đông-HN,Hà Nội,201,1B1512,Phường Phúc La,"1,542",Quận Hà Đông,"2.097156370789854E1,1.0579180008465381E2"
Region,"23,047,000",(HNO) CK Hà Đông,Hà Nội,201,1B1513,Phường Quang Trung,"1,542",Quận Hà Đông,"2.0966982E1,1.05772251E2"
Region,"20,580,000",Bưu Cục Lô DM10-6 Làng nghề Vạn Phúc-Q.Hà Đông-HN,Hà Nội,201,1B1514,Phường Vạn Phúc,"1,542",Quận Hà Đông,"2.09828095E1,1.057720017E2"
Region,"22,285,000",Bưu Cục Khu Đất Dịch Vụ Hòa Bình-Yên Nghĩa-Hà Đông-HN,Hà Nội,201,1B1516,Phường Yên Nghĩa,"1,542",Quận Hà Đông,"2.09584038E1,1.057444513E2"
Region,"22,981,000",Bưu Cục 416 La Thành-Sơn Tây-HN,Hà Nội,201,1B1604,Phường Quang Trung,"1,711",Thị xã Sơn Tây,"2.1134654E1,1.0551096E2"
Region,"22,706,000",Bưu Cục 433 Tân Phú-Sơn Tây-HN,Hà Nội,201,1B1613,Xã Sơn Đông,"1,711",Thị xã Sơn Tây,"2.1077764E1,1.05502556E2"
Region,"20,199,000",Bưu cục Thôn Đông-Ba Vì-Hà Nội,Hà Nội,201,1B1701,Thị trấn Tây Đằng,"1,803",Huyện Ba Vì,"2.1195205E1,1.05424168E2"
Region,"20,110,000",Bưu cục Thôn 6-Ba Vì-HN,Hà Nội,201,1B1702,Xã Ba Trại,"1,803",Huyện Ba Vì,"2.1124075E1,1.05364579E2"
Region,"22,503,000",Bưu Cục 28 Đường Mới-Phụng Thượng-Phúc Thọ-HN,Hà Nội,201,1B1809,Xã Phụng Thượng,"1,807",Huyện Phúc Thọ,"2.1093794E1,1.0559017E2"
Region,"22,503,001",(HNO) ĐL Hát Môn,Hà Nội,201,1B1812,Xã Tam Hiệp,"1,807",Huyện Phúc Thọ,"2.1082536E1,1.05620173E2"
Region,"22,931,000",Bưu Cục 203 Tỉnh Lộ 417-Phúc Thọ-HN,Hà Nội,201,1B1821,Xã Vân Phúc,"1,807",Huyện Phúc Thọ,"2.1145861E1,1.05599338E2"
Region,"20,182,000",Bưu cục 171 Đồng Cam-Thạch Thất-Hà Nội,Hà Nội,201,1B1901,Thị trấn Liên Quan,"1,808",Huyện Thạch Thất,"2.1052531E1,1.05581319E2"
Region,"23,040,000",Bưu Cục Hạ Bằng-Thạch Thất-HN,Hà Nội,201,1B1911,Xã Hạ Bằng,"1,808",Huyện Thạch Thất,"2.1025798E1,1.05561027E2"
Region,"20,097,000",Bưu cục Thạch Hòa-Thạch Thất-Hà Nội,Hà Nội,201,1B1919,Xã Thạch Hoà,"1,808",Huyện Thạch Thất,"2.09869341E1,1.055276892E2"
Region,"23,079,000",(HNO) Tây Phương,Hà Nội,201,1B1920,Xã Thạch Xá,"1,808",Huyện Thạch Thất,"2.1030583E1,1.05600251E2"
Region,"23,092,000",(HNO) Kiều Phú,Hà Nội,201,1B2002,Xã Cấn Hữu,"2,004",Huyện Quốc Oai,"2.0965021E1,1.05612186E2"
Region,"1,285",Bưu cục Quốc Oai-HN,Hà Nội,201,1B2019,Xã Thạch Thán,"2,004",Huyện Quốc Oai,"2.0987643E1,1.05635981E2"
Region,"21,439,000",Bưu Cục Chúc Lý-Ngọc Hòa-Chương Mỹ-HN,Hà Nội,201,1B2117,Xã Ngọc Hòa,"1,915",Huyện Chương Mỹ,"2.09156991E1,1.056971049E2"
Region,"21,004,000",Bưu Cục Bê Tông-Thuỷ Xuân Tiên-Chương Mỹ-HN,Hà Nội,201,1B2126,Xã Thủy Xuân Tiên,"1,915",Huyện Chương Mỹ,"2.08720672E1,1.055767423E2"
Region,"21,475,000",Bưu Cục 172 Cầu Gáo-Đan Phượng-HN,Hà Nội,201,1B2202,Xã Đan Phượng,"1,804",Huyện Đan Phượng,"2.1094296E1,1.056571034E2"
Region,"22,517,001",(HNO) CK Ô Diên,Hà Nội,201,1B2206,Xã Liên Hà,"1,804",Huyện Đan Phượng,"2.1108005E1,1.05714997E2"
Region,"22,517,000",Bưu Cục 79 Thanh Xuân Làng Nghề Liên Hà-Đan Phượng-HN,Hà Nội,201,1B2206,Xã Liên Hà,"1,804",Huyện Đan Phượng,"2.1108005E1,1.05714997E2"
Region,"22,979,000",Bưu Cục Trạm Trôi-Hoài Đức-HN,Hà Nội,201,1B2301,Thị trấn Trạm Trôi,"1,805",Huyện Hoài Đức,"2.1066917E1,1.0571075E2"
Region,"22,816,000",Bưu Cục 1057/9/26 Ngãi Cầu-Hoài Đức-HN,Hà Nội,201,1B2302,Xã An Khánh,"1,805",Huyện Hoài Đức,"2.0987812E1,1.05721004E2"
Region,"21,381,000",Bưu Cục 323 Lại Dụ An Thượng-Hoài Đức-HN,Hà Nội,201,1B2303,Xã An Thượng,"1,805",Huyện Hoài Đức,"2.0980912E1,1.05709119E2"
Region,"20,374,000",(HNO) Dương Hòa,Hà Nội,201,1B2304,Xã Cát Quế,"1,805",Huyện Hoài Đức,"2.1051508E1,1.05672559E2"
Region,"23,024,000",Bưu Cục Lại Yên-Hoài Đức-HN,Hà Nội,201,1B2313,Xã Lại Yên,"1,805",Huyện Hoài Đức,"2.1026725E1,1.05707295E2"
Region,"22,753,000",Bưu Cục 10/3 Thôn Ninh Dương-Thanh Oai-HN,Hà Nội,201,1B2403,Xã Bình Minh,"1,809",Huyện Thanh Oai,"2.0888839E1,1.05760709E2"
Region,"22,182,000",Bưu Cục Thôn Mới-Cao Dương-Thanh Oai-HN,Hà Nội,201,1B2404,Xã Cao Dương,"1,809",Huyện Thanh Oai,"2.0810592E1,1.05761996E2"
Region,"23,089,000",(HNO) Thanh Oai,Hà Nội,201,1B2408,Xã Đỗ Động,"1,809",Huyện Thanh Oai,"2.0843887E1,1.05783545E2"
Region,"21,052,000",Bưu Cục Đại Nghĩa-Mỹ Đức-HN,Hà Nội,201,1B2501,Thị trấn Đại Nghĩa,"1,806",Huyện Mỹ Đức,"2.0678234E1,1.05749544E2"
Region,"20,598,000",Bưu Cục 43 Trần Đăng Ninh-Ứng Hòa-HN,Hà Nội,201,1B2601,Thị trấn Vân Đình,"1,810",Huyện Ứng Hòa,"2.073035E1,1.0577293E2"
Region,"21,390,000",Bưu Cục Hòa Lâm-Ứng Hòa-Hà Nội,Hà Nội,201,1B2609,Xã Hòa Lâm,"1,810",Huyện Ứng Hòa,"2.0684861E1,1.05809487E2"
Region,"22,667,000",Bưu Cục Đường Sông Nhuệ-Thường Tín-HN,Hà Nội,201,1B2706,Xã Hiền Giang,"3,303",Huyện Thường Tín,"2.0868852E1,1.05831736E2"
Region,"22,918,000",Bưu Cục 77 Nguyễn Vĩnh Tích-Thường Tín-HN,Hà Nội,201,1B2711,Xã Liên Phương,"3,303",Huyện Thường Tín,"2.0872236E1,1.05880667E2"
Region,"21,695,000",Bưu Cục Thọ Giáo-Tân Minh-Thường Tín-HN,Hà Nội,201,1B2718,Xã Tân Minh,"3,303",Huyện Thường Tín,"2.0844245E1,1.05842481E2"
Region,"22,103,000",Bưu Cục Xã Thắng Lợi-Thường Tín-HN,Hà Nội,201,1B2719,Xã Thắng Lợi,"3,303",Huyện Thường Tín,"2.0819673E1,1.0588426E2"
Region,"21,664,000",(HNO) ĐL Chuyên Mỹ 1,Hà Nội,201,1B2805,Xã Chuyên Mỹ,"3,255",Huyện Phú Xuyên,"2.07420172E1,1.058632262E2"
Region,"20,940,001",(HNO) ĐL Chuyên Mỹ 2,Hà Nội,201,1B2805,Xã Chuyên Mỹ,"3,255",Huyện Phú Xuyên,"2.0740813E1,1.05866203E2"
Region,"23,042,000",Bưu Cục Nam Phong-Phú Xuyên-HN,Hà Nội,201,1B2813,Xã Nam Phong,"3,255",Huyện Phú Xuyên,"2.0758162E1,1.05914227E2"
Region,"22,001,000",Bưu Cục Thôn An Khoái-Phúc Tiến-Phú Xuyên-HN,Hà Nội,201,1B2817,Xã Phúc Tiến,"3,255",Huyện Phú Xuyên,"2.07185676E1,1.059148716E2"
Region,"20,940,000",Bưu Cục 57 Thao Chính-Phú Xuyên-HN,Hà Nội,201,1B2822,Xã Tân Dân,"3,255",Huyện Phú Xuyên,"2.073948E1,1.05872313E2"
Region,"22,987,000",Bưu Cục Quang Minh-Mê Linh-HN,Hà Nội,201,1B2902,Thị trấn Quang Minh,"1,581",Huyện Mê Linh,"2.1212441E1,1.0576169E2"
Region,"21,510,000",Bưu Cục Thôn Đại Bái-Đại Thịnh-Mê Linh-HNO,Hà Nội,201,1B2904,Xã Đại Thịnh,"1,581",Huyện Mê Linh,"2.11775253E1,1.057289798E2"
Region,"22,286,000",Bưu Cục Thôn Phú Mỹ-Tự Lập-Mê Linh-HN,Hà Nội,201,1B2916,Xã Tự Lập,"1,581",Huyện Mê Linh,"2.12155234E1,1.056672741E2"
Region,"22,670,000",Bưu Cục Chuyên Lấy 30 Xã Đàn-Q.Đống Đa-HN,Hà Nội,201,91259,Phường Phương Liên - Trung Tự,"1,486",Quận Đống Đa,"2.10084E1,1.05840041E2"
Region,"22,697,000",Bưu Cục Hồng Phú-Chương Mỹ-HN,Hà Nội,201,91272,Xã Hồng Phú,"1,915",Huyện Chương Mỹ,"2.0839912E1,1.0570112E2"
Region,"22,950,000",(HTI) Thành Sen,Hà Tĩnh,236,300102,Phường Đại Nài,"1,618",Thành phố Hà Tĩnh,"1.8323749E1,1.05913086E2"
Region,"1,124",(HTI) Trần Phú,Hà Tĩnh,236,300116,Xã Thạch Trung,"1,618",Thành phố Hà Tĩnh,"1.83539197E1,1.05880253E2"
Region,"21,457,000",(HTI) Bắc Hồng Lĩnh,Hà Tĩnh,236,300203,Phường Đức Thuận,"1,814",Thị xã Hồng Lĩnh,"1.8532526E1,1.05684559E2"
Region,"20,271,003",(HTI) ĐG Sơn Tây,Hà Tĩnh,236,300301,Thị trấn  Tây Sơn,"3,201",Huyện Hương Sơn,"1.8458335E1,1.05303921E2"
Region,"20,271,000",(HTI) Hương Sơn,Hà Tĩnh,236,300302,Thị trấn Phố Châu,"3,201",Huyện Hương Sơn,"1.8508743E1,1.05426118E2"
Region,"21,327,000",(HTI) Đức Thọ,Hà Tĩnh,236,300401,Thị trấn Đức Thọ,"3,188",Huyện Đức Thọ,"1.85189433E1,1.055875025E2"
Region,"22,376,000",(HTI) Nghi Xuân,Hà Tĩnh,236,300507,Xã Xuân Giang,"1,813",Huyện Nghi Xuân,"1.865389E1,1.05742233E2"
Region,"20,023,000",(HTI) Can Lộc,Hà Tĩnh,236,300601,Thị trấn Nghèn,"3,143",Huyện Can Lộc,"1.846308E1,1.05768628E2"
Region,"21,363,000",(HTI) Hương Khê,Hà Tĩnh,236,300701,Thị trấn Hương Khê,"1,812",Huyện Hương Khê,"1.81749979E1,1.05693048E2"
Region,"21,484,000",(HTI) Thạch Hà,Hà Tĩnh,236,300801,Thị trấn Thạch Hà,"2,024",Huyện Thạch Hà,"1.8375267E1,1.05855398E2"
Region,"21,979,000",(HTI) Cẩm Xuyên,Hà Tĩnh,236,300901,Thị trấn Cẩm Xuyên,"1,815",Huyện Cẩm Xuyên,"1.8242495E1,1.06012899E2"
Region,"23,055,000",(HTI) Cẩm Trung,Hà Tĩnh,236,300925,Xã Cẩm Trung,"1,815",Huyện Cẩm Xuyên,"1.8214484E1,1.06100217E2"
Region,"20,635,000",(HTI) Kỳ Anh,Hà Tĩnh,236,301003,Xã Kỳ Đồng,"1,811",Huyện Kỳ Anh,"1.8168121E1,1.06227227E2"
Region,"20,654,000",(HTI) Kỳ Khang,Hà Tĩnh,236,301016,Xã Kỳ Thư,"1,811",Huyện Kỳ Anh,"1.8090215E1,1.06280223E2"
Region,"20,271,002",(HTI) ĐG Vũ Quang,Hà Tĩnh,236,301101,Thị trấn Vũ Quang,"3,320",Huyện Vũ Quang,"1.8381404E1,1.05500035E2"
Region,"20,271,001",Điểm xử lý hàng Huyện Vũ Quang-Hà Tĩnh,Hà Tĩnh,236,301101,Thị trấn Vũ Quang,"3,320",Huyện Vũ Quang,"1.8508702E1,1.0542611E2"
Region,"22,254,000",(HTI) Mai Phụ,Hà Tĩnh,236,301210,Xã Thạch Châu,"3,220",Huyện Lộc Hà,"1.8440927E1,1.05895399E2"
Region,"20,605,000",(HTI) Vũng Áng,Hà Tĩnh,236,301302,Phường Kỳ Long,"3,441",Thị xã Kỳ Anh,"1.803671E1,1.06390818E2"
Region,"22,960,000",(HTI) Kỳ Lạc,Hà Tĩnh,236,800016,Xã Lâm Hợp,"1,811",Huyện Kỳ Anh,"1.8007666E1,1.06181106E2"
Region,"21,981,000",(HPH) An Lão,Hải Phòng,224,03074,Xã An Thắng,"1,820",Huyện An Lão,"2.0817718E1,1.06577586E2"
Region,"20,501,000",(HDU) Thành Đông,Hải Dương,225,210102,Phường Bình Hàn,"1,598",Thành phố Hải Dương,"2.0951105E1,1.0632933E2"
Region,"20,090,000",(HDU) Tân Hưng,Hải Dương,225,210112,Phường Thạch Khôi,"1,598",Thành phố Hải Dương,"2.09147607E1,1.063179998E2"
Region,"22,773,000",(HDU) Chu Văn An,Hải Dương,225,210206,Phường Sao Đỏ,"2,056",Thành phố Chí Linh,"2.1112118E1,1.06381391E2"
Region,"20,459,000",(HDU) Nam Sách,Hải Dương,225,210301,Thị trấn Nam Sách,"1,727",Huyện Nam Sách,"2.1002885E1,1.06335296E2"
Region,"20,989,000",(HDU) Phạm Sư Mạnh,Hải Dương,225,210411,Xã Hiệp Sơn,"1,818",Thị xã Kinh Môn,"2.1001476E1,1.06541786E2"
Region,"21,040,000",(HDU) Gia Lộc,Hải Dương,225,210501,Thị trấn Gia Lộc,"1,934",Huyện Gia Lộc,"2.0866471E1,1.06301159E2"
Region,"21,317,000",(HDU) Tứ Kỳ,Hải Dương,225,210601,Thị trấn Tứ Kỳ,"3,287",Huyện Tứ Kỳ,"2.0816161E1,1.06404215E2"
Region,"20,975,000",(HDU) Thanh Miện,Hải Dương,225,210701,Thị trấn Thanh Miện,"3,294",Huyện Thanh Miện,"2.07872022E1,1.062374433E2"
Region,"22,136,000",(HDU) Ninh Giang,Hải Dương,225,210801,Thị trấn Ninh Giang,"3,238",Huyện Ninh Giang,"2.07487443E1,1.063785504E2"
Region,"22,277,000",(HDU) Cẩm Giang,Hải Dương,225,210901,Thị trấn Cẩm Giang,"1,817",Huyện Cẩm Giàng,"2.09665235E1,1.061943213E2"
Region,"22,935,000",(HDU) Tứ Minh,Hải Dương,225,210902,Thị trấn Lai Cách,"1,817",Huyện Cẩm Giàng,"2.0933482E1,1.06251245E2"
Region,"21,713,000",(HDU) Thanh Hà,Hải Dương,225,211001,Thị trấn Thanh Hà,"3,292",Huyện Thanh Hà,"2.08970141E1,1.064302116E2"
Region,"20,779,000",(HDU) Phú Thái,Hải Dương,225,211101,Thị trấn Phú Thái,"1,953",Huyện Kim Thành,"2.0963491E1,1.06508673E2"
Region,"20,236,000",(HDU) Kẻ Sặt,Hải Dương,225,211217,Xã Vĩnh Hồng,"1,816",Huyện Bình Giang,"2.0899315E1,1.0617707E2"
Region,"21,335,000",(HPH) Hồng Bàng,Hải Phòng,224,30109,Phường Sở Dầu,"1,589",Quận Hồng Bàng,"2.0869355E1,1.0665601E2"
Region,"20,061,000",(HPH) An Biên 2,Hải Phòng,224,30209,Phường Kênh Dương,"1,588",Quận Lê Chân,"2.0833657E1,1.06679396E2"
Region,"21,427,000",(HPH) An Biên 1,Hải Phòng,224,30215,Phường Vĩnh Niệm,"1,588",Quận Lê Chân,"2.08294562E1,1.066714786E2"
Region,"1,122",(HPH) An Biên 3,Hải Phòng,224,30215,Phường Vĩnh Niệm,"1,588",Quận Lê Chân,"2.08294562E1,1.066714786E2"
Region,"23,080,000",(HPH) Gia Viên,Hải Phòng,224,30303,Phường Đằng Giang,"1,587",Quận Ngô Quyền,"2.0841694E1,1.06699703E2"
Region,"21,464,000",(HPH) Ngô Quyền,Hải Phòng,224,30311,Phường Máy Chai,"1,587",Quận Ngô Quyền,"2.08678665E1,1.067015581E2"
Region,"20,870,000",(HPH) Kiến An,Hải Phòng,224,30401,Phường Bắc Sơn,"1,590",Quận Kiến An,"2.0821411E1,1.06631946E2"
Region,"21,649,000",(HPH) Phù Liễn,Hải Phòng,224,30406,Phường Phù Liễn,"1,590",Quận Kiến An,"2.07969597E1,1.066248822E2"
Region,"20,522,000",Bưu Cục 130 Trần Văn Lan-Q.Hải An-Hải Phòng,Hải Phòng,224,30501,Phường Cát Bi,"1,591",Quận Hải An,"2.08274087E1,1.067079487E2"
Region,"2,500",(HPH) Hải An 2,Hải Phòng,224,30502,Phường Đằng Hải,"1,591",Quận Hải An,"2.0846282E1,1.06715681E2"
Region,"22,984,000",(HPH) Hải An 1,Hải Phòng,224,30502,Phường Đằng Hải,"1,591",Quận Hải An,"2.0832136E1,1.06727576E2"
Region,"21,642,000",(HPH) Đông Hải,Hải Phòng,224,30505,Phường Đông Hải 2,"1,591",Quận Hải An,"2.0849012E1,1.06729206E2"
Region,"22,475,000",(HPH) Nam Đồ Sơn,Hải Phòng,224,30601,Phường Bàng La,"1,707",Quận Đồ Sơn,"2.0716759E1,1.06752576E2"
Region,"2,467",(HPH) Kiến Hưng,Hải Phòng,224,30811,Xã Ngũ Đoan,"3,203",Huyện Kiến Thụy,"2.0718398E1,1.06675812E2"
Region,"20,946,000",(HPH) Lưu Kiếm,Hải Phòng,224,30922,Xã Lưu Kiếm,"1,726",Huyện Thủy Nguyên,"2.09656157E1,1.066707673E2"
Region,"20,373,000",(HPH) Bạch Đằng,Hải Phòng,224,30926,Xã Ngũ Lão,"1,726",Huyện Thủy Nguyên,"2.0941975E1,1.06728829E2"
Region,"20,377,000",(HPH) Thủy Nguyên,Hải Phòng,224,30932,Xã Tân Dương,"1,726",Huyện Thủy Nguyên,"2.0893081E1,1.0667326E2"
Region,"1,403",(HPH) An Hải,Hải Phòng,224,31002,Xã An Đồng,"1,819",Huyện An Dương,"2.0861416E1,1.06637908E2"
Region,"20,929,000",(HPH) Hồng An,Hải Phòng,224,31005,Xã An Hưng,"1,819",Huyện An Dương,"2.0898899E1,1.06581168E2"
Region,"2,535",(HPH) An Phong,Hải Phòng,224,31010,Xã Hồng Phong,"1,819",Huyện An Dương,"2.0871231E1,1.06575898E2"
Region,"1,443",(HPH) Tân Minh,Hải Phòng,224,31103,Xã Bạch Đằng,"1,821",Huyện Tiên Lãng,"2.0709103E1,1.065655546E2"
Region,"22,181,000",(HPH) Vĩnh Bảo,Hải Phòng,224,31218,Xã Tân Hưng,"1,822",Huyện Vĩnh Bảo,"2.0687585E1,1.06470588E2"
Region,"22,740,000",(HPH) Cát Hải,Hải Phòng,224,31301,Thị trấn Cát Bà,"2,108",Huyện đảo Cát Hải,"2.0740183E1,1.07030454E2"
Region,"21,561,000",(HPH) Dương Kinh,Hải Phòng,224,31504,Phường Hoà Nghĩa,"1,706",Quận Dương Kinh,"2.0761729E1,1.06739176E2"
Region,"20,565,000",Bưu Cục 63A Trần Đình Xu-Q.1-HCM,Hồ Chí Minh,202,20103,Phường Cầu Kho,"1,442",Quận 1,"1.076120374596973E1,1.0669058081255653E2"
Region,"20,887,000",Bưu Cục 274 Cô Bắc-Q.1-HCM,Hồ Chí Minh,202,20105,Phường Cô Giang,"1,442",Quận 1,"1.076290294047148E1,1.0669231630300365E2"
Region,"20,642,000",Bưu Cục 16 Trần Nhật Duật-Q.1-HCM,Hồ Chí Minh,202,20110,Phường Tân Định,"1,442",Quận 1,"1.07934283E1,1.06689539E2"
Region,"20,102,000",Bưu cục 58 Vũ Tông Phan-Q.2-HCM,Hồ Chí Minh,202,20203,Phường An Phú,"1,443",Quận 2,"1.0797341959045193E1,1.0674181894084059E2"
Region,"1,394",Bưu Cục 29A Đường Số 5-Q.2-HCM,Hồ Chí Minh,202,20208,Phường Cát Lái,"1,443",Quận 2,"1.07751905E1,1.06770249E2"
Region,"20,747,000",Bưu Cục 195B Lý Chính Thắng-Q.3-HCM,Hồ Chí Minh,202,20306,Phường 6,"1,444",Quận 3,"1.078058E1,1.0668274E2"
Region,"1,337",Bưu Cục 63 Vĩnh Hội-Q.4-HCM,Hồ Chí Minh,202,20404,Phường 4,"1,446",Quận 4,"1.0756358E1,1.06703772E2"
Region,"20,075,000",Bưu Cục T30 Nguyễn Hữu Hào-Q.4-HCM,Hồ Chí Minh,202,20406,Phường 6,"1,446",Quận 4,"1.075995E1,1.0670209E2"
Region,"20,027,000",Bưu Cục 117 Hùng Vương-Q.5-HCM,Hồ Chí Minh,202,20511,Phường 11,"1,447",Quận 5,"1.07617E1,1.0667578E2"
Region,"20,026,000",Bưu Cục 63 Ký Hòa-Q.5-HCM,Hồ Chí Minh,202,20511,Phường 11,"1,447",Quận 5,"1.075432E1,1.0666064E2"
Region,"1,418",Bưu Cục 119 Nguyễn Văn Luông-Q.6-HCM,Hồ Chí Minh,202,20610,Phường 10,"1,448",Quận 6,"1.073829E1,1.0663353E2"
Region,"23,011,000",(HCM) CK Phú Lâm,Hồ Chí Minh,202,20613,Phường 13,"1,448",Quận 6,"1.0750066E1,1.06626668E2"
Region,"21,627,000",Bưu Cục 116A Bà Hom-Phường 13-Quận 6-HCM,Hồ Chí Minh,202,20613,Phường 13,"1,448",Quận 6,"1.0750066E1,1.06626668E2"
Region,"23,011,001",(HCM) Phú Lâm,Hồ Chí Minh,202,20613,Phường 13,"1,448",Quận 6,"1.0750066E1,1.06626668E2"
Region,"22,257,000",Bưu Cục 31-31A Lý Phục Man-Bình Thuận-Quận 7-HCM,Hồ Chí Minh,202,20701,Phường Bình Thuận,"1,449",Quận 7,"1.07432851E1,1.067274013E2"
Region,"21,485,000",(HCM) CK Phú Thuận,Hồ Chí Minh,202,20703,Phường Phú Thuận,"1,449",Quận 7,"1.0731864E1,1.06734318E2"
Region,"20,124,000",(HCM) CK Tân Hưng,Hồ Chí Minh,202,20705,Phường Tân Kiểng,"1,449",Quận 7,"1.07469E1,1.0670594E2"
Region,"22,488,000",Bưu Cục 860/36 Huỳnh Tấn Phát-Q.7-HCM,Hồ Chí Minh,202,20707,Phường Tân Phú,"1,449",Quận 7,"1.0728505E1,1.06730717E2"
Region,"21,001,000",Bưu Cục 20 Đường số 81-Q.7-HCM,Hồ Chí Minh,202,20708,Phường Tân Quy,"1,449",Quận 7,"1.0739959E1,1.06707464E2"
Region,"2,534",Bưu Cục 903B Tạ Quang Bửu-Q.8-HCM,Hồ Chí Minh,202,20805,Phường 5,"1,450",Quận 8,"1.07343536E1,1.066623223E2"
Region,"2,376",(HCM) Bình Đông,Hồ Chí Minh,202,20807,Phường 7,"1,450",Quận 8,"1.07168692E1,1.066324732E2"
Region,"23,090,000",(HCM) Phú Định,Hồ Chí Minh,202,20815,Phường 15,"1,450",Quận 8,"1.0724333E1,1.0663431E2"
Region,"22,794,000",Bưu Cục 01 Đường Số 6-Long Bình-Q.9-HCM,Hồ Chí Minh,202,20902,Phường Long Bình,"1,451",Quận 9,"1.0858627E1,1.06836428E2"
Region,"21,296,003",(HCM) CK Long Bình,Hồ Chí Minh,202,20904,Phường Long Thạnh Mỹ,"1,451",Quận 9,"1.0844302E1,1.06816769E2"
Region,"21,296,000",Bưu cục Long Thạnh Mỹ-Q9-HCM,Hồ Chí Minh,202,20904,Phường Long Thạnh Mỹ,"1,451",Quận 9,"1.08443023E1,1.068167691E2"
Region,"21,358,000",Bưu Cục Phường Long Trường-Q9-HCM,Hồ Chí Minh,202,20905,Phường Long Trường,"1,451",Quận 9,"1.0798561E1,1.06809298E2"
Region,"22,367,000",Bưu Cục Đường 268 Đỗ Xuân Hợp-Phường Phước Long-HCM,Hồ Chí Minh,202,20908,Phường Phước Long A,"1,451",Quận 9,"1.0823525E1,1.06767264E2"
Region,"22,367,001",(HCM) CK Phước Long,Hồ Chí Minh,202,20909,Phường Phước Long B,"1,451",Quận 9,"1.0823513E1,1.06767343E2"
Region,"21,358,001",(HCM) ĐL Long Phước,Hồ Chí Minh,202,20913,Phường Trường Thạnh,"1,451",Quận 9,"1.0828281E1,1.06810979E2"
Region,"2,488",Bưu Cục 480F Cao Thắng-Trường Sa-Q.3-HCM,Hồ Chí Minh,202,21012,Phường 12,"1,452",Quận 10,"1.0775672627743878E1,1.0667044415911768E2"
Region,"2,441",Bưu Cục 16A Lê Hồng Phong-Q.10-HCM,Hồ Chí Minh,202,21012,Phường 12,"1,452",Quận 10,"1.077583E1,1.0667049E2"
Region,"22,370,000",Bưu Cục 7A/3 Thành Thái-Phường Diên Hồng-HCM,Hồ Chí Minh,202,21014,Phường 14,"1,452",Quận 10,"1.07697487E1,1.066625105E2"
Region,"22,499,000",(HCM) CK Hòa Hưng,Hồ Chí Minh,202,21014,Phường 14,"1,452",Quận 10,"1.0775678E1,1.06670439E2"
Region,"22,437,000",(HCM) Phú Thọ,Hồ Chí Minh,202,21108,Phường 8,"1,453",Quận 11,"1.0762906E1,1.06646185E2"
Region,"22,437,001",(HCM) CK Bình Thới,Hồ Chí Minh,202,21108,Phường 8,"1,453",Quận 11,"1.0763685E1,1.06644293E2"
Region,"22,388,000",(HCM) Bình Thới,Hồ Chí Minh,202,21110,Phường 10,"1,453",Quận 11,"1.0763685E1,1.06644293E2"
Region,"20,052,000",(HCM) Phú Thọ 2,Hồ Chí Minh,202,21115,Phường 15,"1,453",Quận 11,"1.07762921E1,1.066562777E2"
Region,"22,492,000",(HCM) An Phú Đông 1,Hồ Chí Minh,202,21201,Phường An Phú Đông,"1,454",Quận 12,"1.0859246E1,1.066989E2"
Region,"2,451",(HCM) Đông Hưng Thuận 2,Hồ Chí Minh,202,21202,Phường Đông Hưng Thuận,"1,454",Quận 12,"1.08390821E1,1.06621627E2"
Region,"22,604,000",(HCM) CK Đông Hưng Thuận,Hồ Chí Minh,202,21202,Phường Đông Hưng Thuận,"1,454",Quận 12,"1.0839082E1,1.06621627E2"
Region,"22,498,001",(HCM) CK Tân Thới Hiệp,Hồ Chí Minh,202,21203,Phường Hiệp Thành,"1,454",Quận 12,"1.0870363E1,1.06641231E2"
Region,"21,486,000",(HCM) Tân Thới Hiệp 2,Hồ Chí Minh,202,21203,Phường Hiệp Thành,"1,454",Quận 12,"1.08703625E1,1.066412307E2"
Region,"22,076,000",(HCM) Trung Mỹ Tây,Hồ Chí Minh,202,21204,Phường Tân Chánh Hiệp,"1,454",Quận 12,"1.08729788E1,1.066259673E2"
Region,"22,498,000",(HCM) Tân Thới Hiệp 1,Hồ Chí Minh,202,21206,Phường Tân Thới Hiệp,"1,454",Quận 12,"1.0889642E1,1.06646386E2"
Region,"22,408,000",(HCM) Đông Hưng Thuận 1,Hồ Chí Minh,202,21207,Phường Tân Thới Nhất,"1,454",Quận 12,"1.0834833E1,1.06613742E2"
Region,"22,530,000",(HCM) CK An Phú Đông,Hồ Chí Minh,202,21208,Phường Thạnh Lộc,"1,454",Quận 12,"1.08695E1,1.06692E2"
Region,"2,452",(HCM) An Phú Đông  2,Hồ Chí Minh,202,21208,Phường Thạnh Lộc,"1,454",Quận 12,"1.08694847E1,1.066924142E2"
Region,"22,307,000",(HCM) Thới An,Hồ Chí Minh,202,21209,Phường Thạnh Xuân,"1,454",Quận 12,"1.08834198E1,1.06666505E2"
Region,"22,477,000",(HCM) Hạnh Thông,Hồ Chí Minh,202,21302,Phường 3,"1,461",Quận Gò Vấp,"1.0816789E1,1.06678342E2"
Region,"2,533",(HCM) CK Hạnh Thông,Hồ Chí Minh,202,21302,Phường 3,"1,461",Quận Gò Vấp,"1.0832516E1,1.06673695E2"
Region,"21,339,000",(HCM) An Nhơn,Hồ Chí Minh,202,21305,Phường 7,"1,461",Quận Gò Vấp,"1.0833414E1,1.06673366E2"
Region,"23,088,000",(HCM) CK Gò Vấp,Hồ Chí Minh,202,21306,Phường 10,"1,461",Quận Gò Vấp,"1.0833414E1,1.06673366E2"
Region,"2,276",Bưu Cục 1135 Phan Văn Trị-Q.Gò Vấp-HCM,Hồ Chí Minh,202,21306,Phường 10,"1,461",Quận Gò Vấp,"1.0832516E1,1.06673695E2"
Region,"21,666,000",(HCM) Thông Tây Hội,Hồ Chí Minh,202,21307,Phường 11,"1,461",Quận Gò Vấp,"1.08460639E1,1.066607723E2"
Region,"22,033,000",(HCM) An Hội Tây,Hồ Chí Minh,202,21308,Phường 12,"1,461",Quận Gò Vấp,"1.08380251E1,1.066414956E2"
Region,"22,173,000",(HCM) Gò Vấp,Hồ Chí Minh,202,21313,Phường 17,"1,461",Quận Gò Vấp,"1.0833414E1,1.06673366E2"
Region,"22,276,000",(HCM) Thông Tây Hội 2,Hồ Chí Minh,202,21315,Phường 8,"1,461",Quận Gò Vấp,"1.08415341E1,1.066511082E2"
Region,"22,586,000",Bưu Cục 6 Phạm Văn Hai-Q.Tân Bình-HCM,Hồ Chí Minh,202,21402,Phường 2,"1,455",Quận Tân Bình,"1.0799538E1,1.06664411E2"
Region,"22,586,001",(HCM) CK Tân Sơn Hòa,Hồ Chí Minh,202,21402,Phường 2,"1,455",Quận Tân Bình,"1.0799538E1,1.06664411E2"
Region,"21,018,000",Bưu Cục 88/21 Phan Sào Nam-Q.Tân Bình-HCM,Hồ Chí Minh,202,21411,Phường 11,"1,455",Quận Tân Bình,"1.07879094E1,1.066444315E2"
Region,"21,520,000",Bưu Cục 78 Nguyễn Minh Hoàng-Phường 12-Q.Tân Bình-HCM,Hồ Chí Minh,202,21412,Phường 12,"1,455",Quận Tân Bình,"1.08000235E1,1.066502202E2"
Region,"2,439",Bưu Cục 04 Nhất Chi Mai-Q.Tân Bình-HCM,Hồ Chí Minh,202,21413,Phường 13,"1,455",Quận Tân Bình,"1.08028396E1,1.06639924E2"
Region,"22,695,000",Bưu Cục 82 Nguyễn Sỹ Sách-Q.Tân Bình-HCM,Hồ Chí Minh,202,21415,Phường 15,"1,455",Quận Tân Bình,"1.0820403E1,1.06636717E2"
Region,"22,214,000",Bưu Cục 197 Lê Cao Lãng-Phú Thạnh-Tân Phú-HCM,Hồ Chí Minh,202,21503,Phường Phú Thạnh,"1,456",Quận Tân Phú,"1.07806286E1,1.066218313E2"
Region,"22,730,000",Bưu Cục 58 Lê Thúc Hoạch-Q.Tân Phú-HCM,Hồ Chí Minh,202,21504,Phường Phú Thọ Hòa,"1,456",Quận Tân Phú,"1.0787659E1,1.06623047E2"
Region,"22,409,001",(HCM) CK Tân Phú,Hồ Chí Minh,202,21505,Phường Phú Trung,"1,456",Quận Tân Phú,"1.0778037E1,1.06640806E2"
Region,"22,409,000",Bưu Cục 85 Cao Văn Ngọc-Phường Tân Phú-HCM,Hồ Chí Minh,202,21505,Phường Phú Trung,"1,456",Quận Tân Phú,"1.0778037E1,1.06640806E2"
Region,"20,972,000",Bưu Cục 20/48A Bờ Bao Tân Thắng-Q.Tân Phú-HCM,Hồ Chí Minh,202,21506,Phường Sơn Kỳ,"1,456",Quận Tân Phú,"1.08070035E1,1.066203028E2"
Region,"22,077,000",Bưu Cục Phường Tây Thạnh-Tân Phú-HCM,Hồ Chí Minh,202,21506,Phường Sơn Kỳ,"1,456",Quận Tân Phú,"1.0806979E1,1.06620156E2"
Region,"20,078,000",Bưu Cục 9 Hồng Bàng-Q.Bình Thạnh-HCM,Hồ Chí Minh,202,21601,Phường 1,"1,462",Quận Bình Thạnh,"1.08025201E1,1.06698029E2"
Region,"21,471,000",Bưu Cục 602/26 Điện Biên Phủ-Phường 12-Bình Thạnh-HCM,Hồ Chí Minh,202,21608,Phường 12,"1,462",Quận Bình Thạnh,"1.0798753E1,1.06717749E2"
Region,"22,520,001",(HCM) CK Bình Thạnh,Hồ Chí Minh,202,21608,Phường 12,"1,462",Quận Bình Thạnh,"1.0814076E1,1.06699701E2"
Region,"22,520,000",Bưu Cục 248A Nơ Trang Long-Q.Bình Thạnh-HCM,Hồ Chí Minh,202,21608,Phường 12,"1,462",Quận Bình Thạnh,"1.0814076E1,1.06699701E2"
Region,"1,479",Bưu Cục 104 Lương Ngọc Quyến-Q.Bình Thạnh-HCM,Hồ Chí Minh,202,21609,Phường 13,"1,462",Quận Bình Thạnh,"1.08245E1,1.06701861E2"
Region,"22,544,000",Bưu Cục 21 Phú Mỹ-Q.Bình Thạnh-HCM,Hồ Chí Minh,202,21615,Phường 22,"1,462",Quận Bình Thạnh,"1.0790394E1,1.06714412E2"
Region,"20,914,000",Bưu Cục 374 Xô Viết Nghệ Tĩnh-Q.Bình Thạnh-HCM,Hồ Chí Minh,202,21617,Phường 25,"1,462",Quận Bình Thạnh,"1.08041623E1,1.067116354E2"
Region,"20,963,000",Bưu Cục 27 Nguyễn Xí-Q.Bình Thạnh-HCM,Hồ Chí Minh,202,21618,Phường 26,"1,462",Quận Bình Thạnh,"1.08109821E1,1.067114281E2"
Region,"2,489",Bưu Cục 456 Nguyễn Kiệm-Q.Phú Nhuận-HCM,Hồ Chí Minh,202,21703,Phường 3,"1,457",Quận Phú Nhuận,"1.0802363E1,1.06679308E2"
Region,"20,555,000",Bưu Cục 58 Trương Quốc Dung-Q.Phú Nhuận-HCM,Hồ Chí Minh,202,21709,Phường 10,"1,457",Quận Phú Nhuận,"1.07965103E1,1.066724583E2"
Region,"22,311,002",(HCM) ĐL Tam Bình 1,Hồ Chí Minh,202,21801,Phường Bình Chiểu,"1,463",Quận Thủ Đức,"1.0874899E1,1.0673159E2"
Region,"22,311,000",Bưu Cục 155 Quốc lộ 1A-Bình Chiểu-Thủ Đức-HCM,Hồ Chí Minh,202,21801,Phường Bình Chiểu,"1,463",Quận Thủ Đức,"1.08712261E1,1.067352267E2"
Region,"23,046,000",Bưu Cục Hiệp Bình Phước-Thủ Đức-HCM,Hồ Chí Minh,202,21801,Phường Bình Chiểu,"1,463",Quận Thủ Đức,"1.0847813E1,1.06724457E2"
Region,"21,541,000",Bưu Cục 46 Tam Bình-Hiệp Bình Chánh-Q.Thủ Đức-HCM,Hồ Chí Minh,202,21803,Phường Hiệp Bình Chánh,"1,463",Quận Thủ Đức,"1.0849219E1,1.06729361E2"
Region,"21,460,000",Bưu Cục 53A2 Đường 5-Linh Tây-Q.Thủ Đức-HCM,Hồ Chí Minh,202,21807,Phường Linh Tây,"1,463",Quận Thủ Đức,"1.08575843E1,1.067524225E2"
Region,"22,874,000",Bưu Cục 235 Hồ Học Lãm-Q.Bình Tân-HCM,Hồ Chí Minh,202,21901,Phường  An Lạc,"1,458",Quận Bình Tân,"1.0718334E1,1.06613368E2"
Region,"22,306,000",Bưu Cục Số 17 Đường Hoàng Văn Hợp-An Lạc A-Bình Tân-HCM,Hồ Chí Minh,202,21902,Phường An Lạc A,"1,458",Quận Bình Tân,"1.0745261E1,1.06621179E2"
Region,"22,472,000",Bưu Cục 38 Đường Số 3-Q.Bình Tân-HCM,Hồ Chí Minh,202,21903,Phường Bình Hưng Hòa,"1,458",Quận Bình Tân,"1.0809708E1,1.06602396E2"
Region,"22,205,000",Bưu Cục 8F Gò Xoài-Bình Hưng Hòa A-Bình Tân-HCM,Hồ Chí Minh,202,21904,Phường Bình Hưng Hoà A,"1,458",Quận Bình Tân,"1.0777142E1,1.06602518E2"
Region,"21,667,000",Bưu Cục 107 Đường 3D-Bình Hưng Hòa B-Bình Tân-HCM,Hồ Chí Minh,202,21905,Phường Bình Hưng Hoà B,"1,458",Quận Bình Tân,"1.0805307E1,1.06588602E2"
Region,"20,585,000",Bưu Cục 59 Trương Phước Phan-Q.Bình Tân-HCM,Hồ Chí Minh,202,21906,Phường Bình Trị Đông,"1,458",Quận Bình Tân,"1.0770901741261364E1,1.066139394380444E2"
Region,"21,428,000",Bưu Cục Hương Lộ 2-Bình Trị Đông A-Bình Tân,Hồ Chí Minh,202,21907,Phường Bình Trị Đông A,"1,458",Quận Bình Tân,"1.0763988E1,1.06600951E2"
Region,"22,484,000",(HCM) CK Tân Tạo,Hồ Chí Minh,202,21909,Phường Tân Tạo,"1,458",Quận Bình Tân,"1.0755974E1,1.06597703E2"
Region,"21,424,000",Bưu Cục 1440/1 Tỉnh Lộ 10-Tân Tạo-Bình Tân-HCM,Hồ Chí Minh,202,21909,Phường Tân Tạo,"1,458",Quận Bình Tân,"1.07569079E1,1.065871253E2"
Region,"21,677,000",Bưu Cục 26 Bùi Thanh Khiết-Tân Túc-Bình Chánh,Hồ Chí Minh,202,22001,Thị trấn Tân Túc,"1,533",Huyện Bình Chánh,"1.06771E1,1.065792E2"
Region,"23,018,000",(HCM) Bình Hưng 2,Hồ Chí Minh,202,22004,Xã Bình Hưng,"1,533",Huyện Bình Chánh,"1.073235E1,1.06677E2"
Region,"22,137,000",(HCM) Bình Hưng,Hồ Chí Minh,202,22004,Xã Bình Hưng,"1,533",Huyện Bình Chánh,"1.07178374E1,1.066619394E2"
Region,"22,478,000",Bưu Cục 2227 Văn Tiến Dũng-Bình Chánh-HCM,Hồ Chí Minh,202,22006,Xã Đa Phước,"1,533",Huyện Bình Chánh,"1.0677988E1,1.06650773E2"
Region,"22,546,000",Bưu Cục 692 An Phú Tây-Bình Chánh-HCM,Hồ Chí Minh,202,22007,Xã Hưng Long,"1,533",Huyện Bình Chánh,"1.0673268E1,1.06615368E2"
Region,"23,012,000",Bưu Cục 1719 Trần Văn Giàu-Bình Chánh-HCM,Hồ Chí Minh,202,22008,Xã Lê Minh Xuân,"1,533",Huyện Bình Chánh,"1.0773406E1,1.06545773E2"
Region,"1,333",Bưu Cục Tân Kiên-Bình Chánh-HCM,Hồ Chí Minh,202,22012,Xã Tân Kiên,"1,533",Huyện Bình Chánh,"1.07115E1,1.06600723E2"
Region,"22,030,000",Bưu Cục Vĩnh Lộc A-Bình Chánh-HCM,Hồ Chí Minh,202,22015,Xã Vĩnh Lộc A,"1,533",Huyện Bình Chánh,"1.08147149E1,1.065734678E2"
Region,"22,975,000",Bưu Cục 132 Lại Hùng Cường-Vĩnh Lộc B-Bình Chánh-HCM,Hồ Chí Minh,202,22016,Xã Vĩnh Lộc B,"1,533",Huyện Bình Chánh,"1.0796066E1,1.06570181E2"
Region,"22,975,001",(HCM) CK Tân Vĩnh Lộc,Hồ Chí Minh,202,22016,Xã Vĩnh Lộc B,"1,533",Huyện Bình Chánh,"1.0796066E1,1.06570181E2"
Region,"21,640,000",Bưu Cục C1/7 Lại Hùng Cường-Vĩnh Lộc B-Bình Chánh-HCM,Hồ Chí Minh,202,22016,Xã Vĩnh Lộc B,"1,533",Huyện Bình Chánh,"1.07957477E1,1.065763827E2"
Region,"21,432,001",(HCM) ĐL Bình Mỹ,Hồ Chí Minh,202,22104,Xã Bình Mỹ,"1,460",Huyện Củ Chi,"1.0931581E1,1.06644888E2"
Region,"23,053,000",(HCM) Bình Mỹ,Hồ Chí Minh,202,22105,Xã Hòa Phú,"1,460",Huyện Củ Chi,"1.0983732E1,1.06610513E2"
Region,"22,799,000",(HCM) Nhuận Đức 1,Hồ Chí Minh,202,22106,Xã Nhuận Đức,"1,460",Huyện Củ Chi,"1.1051479E1,1.06538227E2"
Region,"22,799,001",(HCM) ĐL Củ Chi,Hồ Chí Minh,202,22112,Xã Phước Vĩnh An,"1,460",Huyện Củ Chi,"1.0966927E1,1.06513351E2"
Region,"21,432,000",(HCM) Phú Hòa Đông,Hồ Chí Minh,202,22115,Xã Tân Thạnh Đông,"1,460",Huyện Củ Chi,"1.09718814E1,1.065742877E2"
Region,"21,432,002",(HCM) ĐL Phú Hòa Đông,Hồ Chí Minh,202,22115,Xã Tân Thạnh Đông,"1,460",Huyện Củ Chi,"1.096925E1,1.06567923E2"
Region,"21,099,000",(HCM) Củ Chi,Hồ Chí Minh,202,22117,Xã Tân Thông Hội,"1,460",Huyện Củ Chi,"1.09592845E1,1.065276671E2"
Region,"1,290",(HCM) Nhuận Đức 2,Hồ Chí Minh,202,22120,Xã Trung Lập Hạ,"1,460",Huyện Củ Chi,"1.1009473E1,1.0647105E2"
Region,"21,066,000",(HCM) Bà Điểm 2,Hồ Chí Minh,202,22202,Xã Bà Điểm,"1,459",Huyện Hóc Môn,"1.0844917E1,1.06597354E2"
Region,"22,658,000",(HCM) Hóc Môn,Hồ Chí Minh,202,22205,Xã Tân Hiệp,"1,459",Huyện Hóc Môn,"1.0892345E1,1.06589122E2"
Region,"20,944,000",(HCM) Đông Thạnh,Hồ Chí Minh,202,22208,Xã Thới Tam Thôn,"1,459",Huyện Hóc Môn,"1.08989692E1,1.066120458E2"
Region,"20,944,001",(HCM) ĐL Đông Thạnh,Hồ Chí Minh,202,22208,Xã Thới Tam Thôn,"1,459",Huyện Hóc Môn,"1.0876302E1,1.06615293E2"
Region,"21,295,000",(HCM) Bà Điểm 1,Hồ Chí Minh,202,22212,Xã Xuân Thới Thượng,"1,459",Huyện Hóc Môn,"1.0868144E1,1.065628297E2"
Region,"22,941,000",Bưu Cục 165A Nguyễn Văn Tạo-Nhà Bè-HCM,Hồ Chí Minh,202,22303,Xã Long Thới,"1,534",Huyện Nhà Bè,"1.0662511E1,1.06726513E2"
Region,"22,361,000",Bưu Cục 63 Đường Số 7-Xã Nhà Bè-HCM,Hồ Chí Minh,202,22305,Xã Phú Xuân,"1,534",Huyện Nhà Bè,"1.0682437E1,1.06736027E2"
Region,"21,309,000",Bưu Cục Phước Kiển-Nhà Bè-HCM,Hồ Chí Minh,202,22306,Xã Phước Kiển,"1,534",Huyện Nhà Bè,"1.0716227E1,1.06701834E2"
Region,"22,863,000",(HCM) Cần Giờ,Hồ Chí Minh,202,22401,Thị trấn Cần Thạnh,"2,090",Huyện Cần Giờ,"1.0411779E1,1.06968957E2"
Region,"1,302",Bưu Cục Cần Giờ-HCM,Hồ Chí Minh,202,22406,Xã Tam Thôn Hiệp,"2,090",Huyện Cần Giờ,"1.05878863E1,1.06851401E2"
Region,"21,694,000",(BDU) Thủ Dầu Một,Bình Dương,205,440102,Phường Chánh Nghĩa,"1,538",Thành phố Thủ Dầu Một,"1.0962557E1,1.06659324E2"
Region,"22,954,000",(BDU) Chánh Hiệp,Bình Dương,205,440104,Phường Hiệp An,"1,538",Thành phố Thủ Dầu Một,"1.1016067E1,1.06639805E2"
Region,"20,652,000",(BDU) Phú An,Bình Dương,205,440104,Phường Hiệp An,"1,538",Thành phố Thủ Dầu Một,"1.10340591E1,1.066395288E2"
Region,"21,973,000",(BDU) Bình Dương 1,Bình Dương,205,440106,Phường Hoà Phú,"1,538",Thành phố Thủ Dầu Một,"1.1082867E1,1.06671288E2"
Region,"21,508,000",(BDU) Phú Lợi,Bình Dương,205,440109,Phường Phú Lợi,"1,538",Thành phố Thủ Dầu Một,"1.0990875E1,1.06677212E2"
Region,"2,417",(BDU) Bình Dương 2,Bình Dương,205,440110,Phường Phú Mỹ,"1,538",Thành phố Thủ Dầu Một,"1.10240777E1,1.066788661E2"
Region,"20,800,000",(BDU) Chánh Phú Hòa,Bình Dương,205,440201,Phường Chánh Phú Hòa,"1,696",Thị xã Bến Cát,"1.1154946E1,1.06671883E2"
Region,"20,512,000",(BDU) Bến Cát,Bình Dương,205,440203,Phường Mỹ Phước,"1,696",Thị xã Bến Cát,"1.1147391E1,1.06611843E2"
Region,"22,402,000",(BDU) Thới Hòa,Bình Dương,205,440205,Phường Thới Hòa,"1,696",Thị xã Bến Cát,"1.1104798E1,1.06631302E2"
Region,"21,683,000",(BDU) Tây Nam,Bình Dương,205,440207,Xã An Tây,"1,696",Thị xã Bến Cát,"1.1111287E1,1.06533603E2"
Region,"22,589,000",(BDU) Tân Hiệp 1,Bình Dương,205,440301,Phường Khánh Bình,"1,695",Thành phố Tân Uyên,"1.103006E1,1.0675151E2"
Region,"20,511,000",(BDU) Tân Hiệp 2,Bình Dương,205,440302,Phường Tân Hiệp,"1,695",Thành phố Tân Uyên,"1.1064461E1,1.06746061E2"
Region,"21,535,000",(BDU) Tân Khánh,Bình Dương,205,440303,Phường Tân Phước Khánh,"1,695",Thành phố Tân Uyên,"1.0998888E1,1.06714881E2"
Region,"22,547,000",(BDU) Tân Uyên,Bình Dương,205,440306,Phường Uyên Hưng,"1,695",Thành phố Tân Uyên,"1.1077479E1,1.06782964E2"
Region,"21,645,000",(BDU) Bình Cơ,Bình Dương,205,440308,Xã Hội Nghĩa,"1,695",Thành phố Tân Uyên,"1.1117953E1,1.06749822E2"
Region,"20,891,000",(BDU) Thuận An,Bình Dương,205,440311,Xã Thạnh Hội,"1,695",Thành phố Tân Uyên,"1.0951434E1,1.06701014E2"
Region,"22,036,000",(BDU) Vĩnh Tân,Bình Dương,205,440312,Xã Vĩnh Tân,"1,695",Thành phố Tân Uyên,"1.1127904E1,1.06722321E2"
Region,"21,514,000",(BDU) An Phú 1,Bình Dương,205,440401,Phường An Phú,"1,541",Thành phố Thuận An,"1.0942354E1,1.06737889E2"
Region,"20,891,002",(BDU) ĐL An Phú 2,Bình Dương,205,440401,Phường An Phú,"1,541",Thành phố Thuận An,"1.0959137E1,1.06738772E2"
Region,"20,891,001",(BDU) ĐL An Phú 1,Bình Dương,205,440401,Phường An Phú,"1,541",Thành phố Thuận An,"1.0952025E1,1.06731422E2"
Region,"21,492,000",(BDU) Thuận Giao 2,Bình Dương,205,440403,Phường Bình Chuẩn,"1,541",Thành phố Thuận An,"1.0984863E1,1.06716369E2"
Region,"21,397,000",(BDU) Lái Thiêu,Bình Dương,205,440407,Phường Lái Thiêu,"1,541",Thành phố Thuận An,"1.091104E1,1.06699607E2"
Region,"22,525,000",(BDU) Dĩ An 2,Bình Dương,205,440501,Phường An Bình,"1,540",Thành phố Dĩ An,"1.087476E1,1.06761193E2"
Region,"22,471,000",(BDU) Đông Hòa 1,Bình Dương,205,440502,Phường Bình An,"1,540",Thành phố Dĩ An,"1.0901316E1,1.06798402E2"
Region,"22,884,000",(BDU) Dĩ An 1,Bình Dương,205,440504,Phường Dĩ An,"1,540",Thành phố Dĩ An,"1.0906365E1,1.0676212E2"
Region,"21,307,000",(BDU) Đông Hòa 2,Bình Dương,205,440505,Phường Đông Hòa,"1,540",Thành phố Dĩ An,"1.0901247E1,1.067872546E2"
Region,"21,504,000",(BDU) Tân Đông Hiệp,Bình Dương,205,440506,Phường Tân Bình,"1,540",Thành phố Dĩ An,"1.0949183E1,1.06753899E2"
Region,"22,269,000",(BDU) Dĩ An 3,Bình Dương,205,440507,Phường Tân Đông Hiệp,"1,540",Thành phố Dĩ An,"1.0922057E1,1.06757748E2"
Region,"1,446",(BDU) Phước Hòa,Bình Dương,205,440611,Xã Vĩnh Hoà,"1,992",Huyện Phú Giáo,"1.12751E1,1.06778815E2"
Region,"20,831,000",(BDU) Dầu Tiếng,Bình Dương,205,440701,Thị trấn Dầu Tiếng,"1,746",Huyện Dầu Tiếng,"1.128364E1,1.06379382E2"
Region,"22,050,000",(BDU) Minh Thạnh,Bình Dương,205,440709,Xã Minh Tân,"1,746",Huyện Dầu Tiếng,"1.14194747E1,1.064624969E2"
Region,"20,899,000",(BDU) Thuận Giao,Bình Dương,205,440803,Xã Lai Hưng,"3,132",Huyện Bàu Bàng,"1.0966379E1,1.0671415E2"
Region,"1,501",(BDU) Bàu Bàng,Bình Dương,205,440803,Xã Lai Hưng,"3,132",Huyện Bàu Bàng,"1.12418409E1,1.066328418E2"
Region,"20,536,000",(BDU) Bình Hòa,Bình Dương,205,440803,Xã Lai Hưng,"3,132",Huyện Bàu Bàng,"1.0907825E1,1.06738217E2"
Region,"21,975,000",(BDU) Trừ Văn Thố,Bình Dương,205,440807,Xã Trừ Văn Thố,"3,132",Huyện Bàu Bàng,"1.1344403E1,1.06641863E2"
Region,"20,488,000",(BDU) Bắc Tân Uyên,Bình Dương,205,440910,Xã Thường Tân,"3,135",Huyện Bắc Tân Uyên,"1.1155679E1,1.06843927E2"
Region,"21,570,000",(BVT) Vũng Tàu 1,Bà Rịa - Vũng Tàu,206,520101,Phường 1,"1,544",Thành phố Vũng Tàu,"1.034491E1,1.07079293E2"
Region,"20,479,000",(BVT) Phước Thắng,Bà Rịa - Vũng Tàu,206,520104,Phường 12,"1,544",Thành phố Vũng Tàu,"1.0419124E1,1.07149475E2"
Region,"23,059,000",(BVT) Rạch Dừa,Bà Rịa - Vũng Tàu,206,520114,Phường Thắng Nhất,"1,544",Thành phố Vũng Tàu,"1.038328E1,1.0710092E2"
Region,"20,283,000",(BVT) Vũng Tàu 2,Bà Rịa - Vũng Tàu,206,520115,Phường Thắng Nhì,"1,544",Thành phố Vũng Tàu,"1.037013E1,1.0707888E2"
Region,"20,071,000",(BVT) Bà Rịa,Bà Rịa - Vũng Tàu,206,520205,Phường Phước Hiệp,"1,667",Thành phố Bà Rịa,"1.04948172E1,1.071750766E2"
Region,"21,440,000",(BVT) Tam Long,Bà Rịa - Vũng Tàu,206,520209,Xã Hoà Long,"1,667",Thành phố Bà Rịa,"1.0514925E1,1.07204354E2"
Region,"1,433",(BVT) Hồ Tràm,Bà Rịa - Vũng Tàu,206,520301,Thị trấn Phước Bửu,"1,699",Huyện Xuyên Mộc,"1.05247562E1,1.074007476E2"
Region,"20,964,000",(BVT) Hòa Hiệp,Bà Rịa - Vũng Tàu,206,520307,Xã Hòa Hiệp,"1,699",Huyện Xuyên Mộc,"1.0686002E1,1.0749106E2"
Region,"23,008,000",(BVT) Phú Mỹ,Bà Rịa - Vũng Tàu,206,520601,Phường Phú Mỹ,"1,701",Thị Xã Phú Mỹ,"1.060555E1,1.07060116E2"
Region,"21,462,000",(BVT) Tân Thành,Bà Rịa - Vũng Tàu,206,520603,Phường Hắc Dịch,"1,701",Thị Xã Phú Mỹ,"1.0641148E1,1.07108645E2"
Region,"20,696,000",(BVT) Tân Phước,Bà Rịa - Vũng Tàu,206,520605,Phường Phước Hoà,"1,701",Thị Xã Phú Mỹ,"1.0530511E1,1.07079763E2"
Region,"22,585,000",(BVT) Ngãi Giao,Bà Rịa - Vũng Tàu,206,520701,Thị trấn Ngãi Giao,"1,709",Huyện Châu Đức,"1.0636411E1,1.07242844E2"
Region,"20,604,000",(BVT) Kim Long,Bà Rịa - Vũng Tàu,206,520708,Xã Kim Long,"1,709",Huyện Châu Đức,"1.0691186E1,1.07246582E2"
Region,"1,310",(BVT) Côn Đảo,Bà Rịa - Vũng Tàu,206,541305,Côn Đảo,"2,111",Huyện đảo Côn Đảo,"8.6900103E0,1.065968871E2"
Region,"20,519,000",Bưu Cục 10 Đường số 8-Linh Xuân-Q.Thủ Đức-HCM,Hồ Chí Minh,202,90735,Phường Linh Xuân,"3,695",Thành Phố Thủ Đức,"1.0881968E1,1.06770494E2"
Region,"22,311,001",(HCM) ĐL Tam Bình 2,Hồ Chí Minh,202,90736,Phường Bình Chiểu,"3,695",Thành Phố Thủ Đức,"1.0878431E1,1.06748313E2"
Region,"22,305,000",Bưu Cục 53 Đường 22-Linh Đông-Thủ Đức-HCM,Hồ Chí Minh,202,90744,Phường Linh Đông,"3,695",Thành Phố Thủ Đức,"1.08512461E1,1.067442152E2"
Region,"21,311,000",Bưu Cục Tăng Nhơn Phú B-Q.9-HCM,Hồ Chí Minh,202,90756,Phường Tăng Nhơn Phú B,"3,695",Thành Phố Thủ Đức,"1.08404179E1,1.067811479E2"
Region,"21,574,000",Bưu Cục 47 Đường 882-Phú Hữu-Q.9-HCM,Hồ Chí Minh,202,90763,Phường Phú Hữu,"3,695",Thành Phố Thủ Đức,"1.0787926E1,1.06797639E2"
Region,"22,494,000",(HCM) CK Bình Trưng,Hồ Chí Minh,202,90765,Phường An Phú,"3,695",Thành Phố Thủ Đức,"1.0792836E1,1.06749358E2"
Region,"21,647,000",Bưu Cục Số 25 Đường 12-An Phú-Q.2-HCM,Hồ Chí Minh,202,90765,Phường An Phú,"3,695",Thành Phố Thủ Đức,"1.07912515E1,1.067371927E2"
Region,"21,128,000",(BVT) Long Điền,Bà Rịa - Vũng Tàu,206,91614,Xã Tam An,"3,704",Huyện Long Đất,"1.047772E1,1.07220211E2"
Region,"20,695,000",(BVT) Long Hải,Bà Rịa - Vũng Tàu,206,91616,Xã Phước Hưng,"3,704",Huyện Long Đất,"1.0426445E1,1.07221197E2"
Region,"20,628,000",(BVT) Đất Đỏ,Bà Rịa - Vũng Tàu,206,91617,Thị trấn Đất Đỏ,"3,704",Huyện Long Đất,"1.0493841E1,1.07268217E2"
Region,"1,215",(HYE) Phố Hiến,Hưng Yên,268,220102,Phường Hiến Nam,"1,680",Thành phố Hưng Yên,"2.0658027E1,1.06062617E2"
Region,"20,133,000",(HYE) Lương Bằng,Hưng Yên,268,220201,Thị trấn Lương Bằng,"1,717",Huyện Kim Động,"2.0744761E1,1.06059322E2"
Region,"21,459,000",(HYE) Ân Thi,Hưng Yên,268,220301,Thị trấn Ân Thi,"1,825",Huyện Ân Thi,"2.0814784E1,1.06094585E2"
Region,"23,093,000",(HYE) Việt Tiến,Hưng Yên,268,220409,Xã Dân Tiến,"1,826",Huyện Khoái Châu,"2.0838269E1,1.06006098E2"
Region,"22,523,000",(HYE) Khoái Châu,Hưng Yên,268,220419,Xã Phùng Hưng,"1,826",Huyện Khoái Châu,"2.0819029E1,1.05984924E2"
Region,"20,781,000",Bưu Cục Thôn Lực Điền-Yên Mỹ-Hưng Yên,Hưng Yên,268,220507,Xã Minh Châu,"1,828",Huyện Yên Mỹ,"2.0865648E1,1.06023146E2"
Region,"21,493,000",(HYE) Nguyễn Văn Linh,Hưng Yên,268,220509,Xã Ngọc Long,"1,828",Huyện Yên Mỹ,"2.0903413E1,1.06037814E2"
Region,"22,992,000",(HYE) Yên Mỹ,Hưng Yên,268,220514,Xã Trung Hưng,"1,828",Huyện Yên Mỹ,"2.0875325E1,1.06030109E2"
Region,"22,078,000",(HYE) Quang Hưng,Hưng Yên,268,220701,Thị trấn Trần Cao,"2,194",Huyện Phù Cừ,"2.0734548E1,1.0617545E2"
Region,"20,148,000",(HYE) Mỹ Hào,Hưng Yên,268,220810,Xã Nhân Hòa,"1,827",Thị xã Mỹ Hào,"2.0933305E1,1.06067694E2"
Region,"23,086,000",(HYE) Đường Hào,Hưng Yên,268,220812,Xã Phùng Chí Kiên,"1,827",Thị xã Mỹ Hào,"2.0919055E1,1.06091977E2"
Region,"20,719,000",(HYE) Như Quỳnh,Hưng Yên,268,220901,Thị trấn Như Quỳnh,"2,046",Huyện Văn Lâm,"2.0976292E1,1.06002941E2"
Region,"21,019,000",(HYE) Đại Đồng,Hưng Yên,268,220903,Xã Đại Đồng,"2,046",Huyện Văn Lâm,"2.0992722E1,1.06066735E2"
Region,"21,496,000",(HYE) Văn Giang,Hưng Yên,268,221008,Xã Tân Tiến,"2,045",Huyện Văn Giang,"2.0922118E1,1.05963233E2"
Region,"21,476,000",(TBI) Trà Lý,Thái Bình,226,260103,Phường Hoàng Diệu,"1,599",Thành phố Thái Bình,"2.04582361E1,1.063508049E2"
Region,"22,476,000",(TBI) Vũ Phúc,Thái Bình,226,260119,Xã Vũ Phúc,"1,599",Thành phố Thái Bình,"2.0432063E1,1.06317474E2"
Region,"22,671,000",(TBI) Phụ Dực,Thái Bình,226,260217,Xã An Vũ,"1,868",Huyện Quỳnh Phụ,"2.0638075E1,1.06409271E2"
Region,"20,623,000",(TBI) Quỳnh Phụ,Thái Bình,226,260226,Xã Quỳnh Hội,"1,868",Huyện Quỳnh Phụ,"2.0650044E1,1.06367043E2"
Region,"21,380,000",(TBI) Hưng Hà,Thái Bình,226,260332,Xã Thống Nhất,"1,867",Huyện Hưng Hà,"2.06017393E1,1.062272722E2"
Region,"1,515",(TBI) Đông Hưng,Thái Bình,226,260417,Xã Đông La,"1,715",Huyện Đông Hưng,"2.05604181E1,1.063573092E2"
Region,"21,069,000",(TBI) Vũ Thư,Thái Bình,226,260510,Xã Minh Khai,"1,716",Huyện Vũ Thư,"2.0443437E1,1.06274343E2"
Region,"20,261,000",(TBI) Vũ Quý,Thái Bình,226,260632,Xã Vũ Ninh,"1,951",Huyện Kiến Xương,"2.04234142E1,1.063719153E2"
Region,"20,679,000",(TBI) Ái Quốc,Thái Bình,226,260728,Xã Tây Giang,"3,281",Huyện Tiền Hải,"2.0393896E1,1.06504522E2"
Region,"20,790,000",(TBI) Thụy Anh,Thái Bình,226,260841,Xã Thụy Sơn,"1,869",Huyện Thái Thụy,"2.0564129E1,1.06510664E2"
Region,"22,704,000",(KHO) Nam Nha Trang 2,Khánh Hòa,208,410103,Phường Phước Hải,"1,548",Thành phố Nha Trang,"1.2248345E1,1.09181528E2"
Region,"22,363,000",(KHO) Nam Nha Trang 3,Khánh Hòa,208,410103,Phường Phước Hải,"1,548",Thành phố Nha Trang,"1.222625E1,1.0918013E2"
Region,"22,746,000",(KHO) Nam Nha Trang 1,Khánh Hòa,208,410105,Phường Phước Long,"1,548",Thành phố Nha Trang,"1.2209662E1,1.09191419E2"
Region,"20,495,000",(KHO) Nha Trang,Khánh Hòa,208,410112,Phường Vạn Thạnh,"1,548",Thành phố Nha Trang,"1.2250078E1,1.09189427E2"
Region,"2,399",(KHO) Bắc Nha Trang,Khánh Hòa,208,410113,Phường Vĩnh Hải,"1,548",Thành phố Nha Trang,"1.2287364E1,1.0919073E2"
Region,"2,502",(KHO) Nam Nha Trang 5,Khánh Hòa,208,410120,Xã Phước Đồng,"1,548",Thành phố Nha Trang,"1.21907937E1,1.091706565E2"
Region,"20,320,000",(KHO) Tây Nha Trang,Khánh Hòa,208,410121,Xã Vĩnh Hiệp,"1,548",Thành phố Nha Trang,"1.22552989E1,1.091662552E2"
Region,"20,495,001",(KHO) ĐL Nam Nha Trang,Khánh Hòa,208,410125,Xã Vĩnh Thái,"1,548",Thành phố Nha Trang,"1.2235034E1,1.09167737E2"
Region,"21,046,000",(KHO) Vạn Ninh,Khánh Hòa,208,410201,Thị trấn Vạn Giã,"1,829",Huyện Vạn Ninh,"1.26997212E1,1.092254543E2"
Region,"21,722,000",(KHO) Tu Bông,Khánh Hòa,208,410206,Xã Vạn Long,"1,829",Huyện Vạn Ninh,"1.2779417E1,1.09303334E2"
Region,"21,569,000",(KHO) Đông Ninh Hòa,Khánh Hòa,208,410302,Phường Ninh Diêm,"2,061",Thị xã Ninh Hòa,"1.2535605E1,1.09217716E2"
Region,"20,543,000",(KHO) Ninh Hòa 2,Khánh Hòa,208,410306,Phường Ninh Hiệp,"2,061",Thị xã Ninh Hòa,"1.2481844E1,1.09128245E2"
Region,"20,694,000",(KHO) Ninh Hòa 1,Khánh Hòa,208,410315,Xã Ninh Phụng,"2,061",Thị xã Ninh Hòa,"1.2499243E1,1.09111033E2"
Region,"20,143,000",(KHO) Diên Khánh 2,Khánh Hòa,208,410401,Thị trấn Diên Khánh,"1,739",Huyện Diên Khánh,"1.22702688E1,1.091107013E2"
Region,"22,774,000",(KHO) Diên Khánh 1,Khánh Hòa,208,410402,Xã Diên An,"1,739",Huyện Diên Khánh,"1.2257264E1,1.09119496E2"
Region,"23,098,000",(KHO) CK Diên Điền,Khánh Hòa,208,410410,Xã Diên Phú,"1,739",Huyện Diên Khánh,"1.2281499E1,1.09125961E2"
Region,"22,793,000",(KHO) Diên Thọ,Khánh Hòa,208,410411,Xã Diên Phước,"1,739",Huyện Diên Khánh,"1.2259415E1,1.09049442E2"
Region,"20,558,000",(KHO) Khánh Vĩnh,Khánh Hòa,208,410501,Thị trấn Khánh Vĩnh,"3,213",Huyện Khánh Vĩnh,"1.2278108E1,1.08910131E2"
Region,"22,299,000",(KHO) ĐL Bắc Cam Ranh,Khánh Hòa,208,410605,Phường Cam Nghĩa,"1,664",Thành phố Cam Ranh,"1.1966902E1,1.09220974E2"
Region,"21,479,000",(KHO) Bắc Cam Ranh,Khánh Hòa,208,410605,Phường Cam Nghĩa,"1,664",Thành phố Cam Ranh,"1.198097E1,1.0919295E2"
Region,"22,830,000",(KHO) Cam Linh,Khánh Hòa,208,410609,Phường Cam Thuận,"1,664",Thành phố Cam Ranh,"1.1915358E1,1.09151198E2"
Region,"20,784,000",(KHO) Khánh Sơn,Khánh Hòa,208,410701,Thị trấn Tô Hạp,"3,212",Huyện Khánh Sơn,"1.200601E1,1.08942225E2"
Region,"20,588,000",(KHO) Cam Lâm 2,Khánh Hòa,208,410901,Thị trấn Cam Đức,"1,902",Huyện Cam Lâm,"1.20575176E1,1.091576479E2"
Region,"21,331,000",(KHO) Cam Lâm 1,Khánh Hòa,208,410914,Xã Suối Tân,"1,902",Huyện Cam Lâm,"1.2156178E1,1.09079938E2"
Region,"22,861,000",(NTH) Phan Rang,Ninh Thuận,261,450102,Phường Đài Sơn,"1,665",Thành phố Phan Rang – Tháp Chàm,"1.157978E1,1.089912E2"
Region,"20,150,000",(NTH) Bảo An,Ninh Thuận,261,450112,Phường Phước Mỹ,"1,665",Thành phố Phan Rang – Tháp Chàm,"1.15836725E1,1.089712828E2"
Region,"22,861,002",(NTH) ĐL Ninh Chử,Ninh Thuận,261,450115,Phường Văn Hải,"1,665",Thành phố Phan Rang – Tháp Chàm,"1.1578465E1,1.09013075E2"
Region,"20,316,000",(NTH) Ninh Sơn,Ninh Thuận,261,450201,Thị trấn Tân Sơn,"1,855",Huyện Ninh Sơn,"1.17635539E1,1.087913525E2"
Region,"20,648,000",(NTH) Ninh Chử,Ninh Thuận,261,450301,Thị trấn Khánh Hải,"1,985",Huyện Ninh Hải,"1.1597799E1,1.09034536E2"
Region,"22,263,000",(NTH) ĐL Xuân Hải,Ninh Thuận,261,450309,Xã Xuân Hải,"1,985",Huyện Ninh Hải,"1.1658968E1,1.08999059E2"
Region,"22,356,000",(NTH) ĐL Ninh Phước,Ninh Thuận,261,450401,Thị trấn Phước Dân,"1,986",Huyện Ninh Phước,"1.1529622E1,1.08925143E2"
Region,"20,499,000",(NTH) Phước Dinh,Ninh Thuận,261,450402,Xã An Hải,"1,986",Huyện Ninh Phước,"1.1547637E1,1.08963719E2"
Region,"22,861,001",(NTH) ĐG Công Hải,Ninh Thuận,261,450603,Xã Công Hải,"3,301",Huyện Thuận Bắc,"1.177759E1,1.0908004E2"
Region,"22,357,001",(NTH) ĐL Cà Ná,Ninh Thuận,261,450701,Xã Cà Ná,"3,302",Huyện Thuận Nam,"1.1347759E1,1.0887734E2"
Region,"22,357,000",(NTH) Thuận Nam,Ninh Thuận,261,450706,Xã Phước Minh,"3,302",Huyện Thuận Nam,"1.14087717E1,1.088941762E2"
Region,"20,121,005",(LCH) Nậm Mạ,Lai Châu,264,70101,Phường Đoàn Kết,"1,675",Thành phố Lai Châu,"2.2156994E1,1.03459317E2"
Region,"22,680,000",(LCH) Tân Phong,Lai Châu,264,70105,Phường Tân Phong,"1,675",Thành phố Lai Châu,"2.2399436E1,1.03469416E2"
Region,"21,382,000",(LCH) Bình Lư,Lai Châu,264,70201,Thị trấn Tam Đường,"2,010",Huyện Tam Đường,"2.231926E1,1.03628837E2"
Region,"21,564,002",(LCH) ĐG Dào San,Lai Châu,264,70303,Xã Dào San,"1,989",Huyện Phong Thổ,"2.2678699E1,1.03361842E2"
Region,"21,564,000",(LCH) Phong Thổ,Lai Châu,264,70312,Xã Mường So,"1,989",Huyện Phong Thổ,"2.25293267E1,1.033520123E2"
Region,"21,564,001",(LCH) ĐG Sì Lở Lầu,Lai Châu,264,70318,Xã Vàng Ma Chải,"1,989",Huyện Phong Thổ,"2.2704056E1,1.03323334E2"
Region,"22,853,000",(LCH) Sìn Hồ,Lai Châu,264,70401,Thị trấn Sìn Hồ,"2,006",Huyện Sìn Hồ,"2.2361568E1,1.0324764E2"
Region,"22,660,001",(LCH) ĐG Lê Lợi,Lai Châu,264,70403,Xã Chăn Nưa,"2,006",Huyện Sìn Hồ,"2.2188721E1,1.03172722E2"
Region,"22,679,000",(LCH) Bum Tở,Lai Châu,264,70501,Thị trấn Mường Tè,"1,980",Huyện Mường Tè,"2.2380991E1,1.02821473E2"
Region,"21,448,000",(LCH) Than Uyên,Lai Châu,264,70601,Thị trấn Than Uyên,"2,025",Huyện Than Uyên,"2.1960758E1,1.03885656E2"
Region,"22,661,000",(LCH) Tân Uyên,Lai Châu,264,70701,Thị trấn Tân Uyên,"2,017",Huyện Tân Uyên,"2.2164602E1,1.03759445E2"
Region,"21,382,002",(LCH) ĐG Nậm Sỏ,Lai Châu,264,70705,Xã Nậm Sỏ,"2,017",Huyện Tân Uyên,"2.2078158E1,1.03623538E2"
Region,"22,660,000",(LCH) Nậm Hàng,Lai Châu,264,70807,Xã Nậm Hàng,"1,984",Huyện Nậm Nhùn,"2.214181E1,1.0302514E2"
Region,"22,116,000",(LDO) Xuân Trường - Đà Lạt,Lâm Đồng,209,420102,Phường 10,"1,550",Thành phố Đà Lạt,"1.1945199E1,1.08505056E2"
Region,"21,126,003",(LDO) ĐL Xuân Hương - Đà Lạt,Lâm Đồng,209,420106,Phường 3,"1,550",Thành phố Đà Lạt,"1.1877806E1,1.08474917E2"
Region,"21,126,000",(LDO) Xuân Hương - Đà Lạt,Lâm Đồng,209,420107,Phường 4,"1,550",Thành phố Đà Lạt,"1.1931685E1,1.08421442E2"
Region,"21,687,000",(LDO) Lang Biang - Đà Lạt 2,Lâm Đồng,209,420110,Phường 7,"1,550",Thành phố Đà Lạt,"1.1959414E1,1.08428877E2"
Region,"21,537,000",(LDO) Lâm Viên - Đà Lạt 2,Lâm Đồng,209,420111,Phường 8,"1,550",Thành phố Đà Lạt,"1.1967513E1,1.08444929E2"
Region,"22,312,000",(LDO) Lâm Viên - Đà Lạt 1,Lâm Đồng,209,420112,Phường 9,"1,550",Thành phố Đà Lạt,"1.19585448E1,1.084685794E2"
Region,"22,153,000",(LDO) ĐG Xuân Trường - Đà Lạt,Lâm Đồng,209,420116,Xã Xuân Trường,"1,550",Thành phố Đà Lạt,"1.18754951E1,1.085582168E2"
Region,"20,785,002",(LDO) ĐL B'Lao,Lâm Đồng,209,420202,Phường 2,"1,838",Thành phố Bảo Lộc,"1.1540458E1,1.07801859E2"
Region,"20,785,003",(LDO) ĐL B'Lao 1,Lâm Đồng,209,420203,Phường B'lao,"1,838",Thành phố Bảo Lộc,"1.1540814E1,1.07807872E2"
Region,"21,688,001",(LDO) ĐL 1 Bảo Lộc,Lâm Đồng,209,420204,Phường Lộc Phát,"1,838",Thành phố Bảo Lộc,"1.1566442E1,1.07823665E2"
Region,"21,688,000",(LDO) 1 Bảo Lộc,Lâm Đồng,209,420204,Phường Lộc Phát,"1,838",Thành phố Bảo Lộc,"1.15570403E1,1.078399911E2"
Region,"20,785,000",(LDO) B'Lao,Lâm Đồng,209,420205,Phường Lộc Sơn,"1,838",Thành phố Bảo Lộc,"1.1539558E1,1.07817194E2"
Region,"21,468,000",(LDO) 3 Bảo Lộc,Lâm Đồng,209,420209,Xã Lộc Châu,"1,838",Thành phố Bảo Lộc,"1.15274405E1,1.077718917E2"
Region,"21,516,000",(LDO) Đức Trọng 2,Lâm Đồng,209,420301,Thị trấn Liên Nghĩa,"1,837",Huyện Đức Trọng,"1.1731086E1,1.083717113E2"
Region,"22,255,001",(LDO) ĐG Hiệp Thạnh,Lâm Đồng,209,420305,Xã Hiệp An,"1,837",Huyện Đức Trọng,"1.1840773E1,1.08457366E2"
Region,"22,255,000",(LDO) Hiệp Thạnh,Lâm Đồng,209,420307,Xã Liên Hiệp,"1,837",Huyện Đức Trọng,"1.1738379E1,1.08363534E2"
Region,"20,849,000",(LDO) Ninh Gia,Lâm Đồng,209,420308,Xã Ninh Gia,"1,837",Huyện Đức Trọng,"1.1635972E1,1.0830767E2"
Region,"22,389,000",(LDO) Đức Trọng 1,Lâm Đồng,209,420311,Xã Phú Hội,"1,837",Huyện Đức Trọng,"1.1685083E1,1.08324588E2"
Region,"20,942,000",(LDO) Di Linh,Lâm Đồng,209,420401,Thị trấn Di Linh,"3,160",Huyện Di Linh,"1.16001412E1,1.080906939E2"
Region,"22,759,000",(LDO) Hòa Ninh,Lâm Đồng,209,420411,Xã Hòa Ninh,"3,160",Huyện Di Linh,"1.1538586E1,1.07945401E2"
Region,"20,942,002",(LDO) ĐG Đinh Trang Thượng,Lâm Đồng,209,420417,Xã Tân Lâm,"3,160",Huyện Di Linh,"1.1675065E1,1.07986444E2"
Region,"21,377,001",(LDO) ĐG D'Ran,Lâm Đồng,209,420501,Thị trấn D'Ran,"1,836",Huyện Đơn Dương,"1.1839172E1,1.08640999E2"
Region,"21,377,000",(LDO) Đơn Dương,Lâm Đồng,209,420502,Thị trấn Thạnh Mỹ,"1,836",Huyện Đơn Dương,"1.1762156E1,1.08502219E2"
Region,"22,051,000",(LDO) Lang Biang - Đà Lạt 1,Lâm Đồng,209,420601,Thị trấn Lạc Dương,"1,956",Huyện Lạc Dương,"1.2005506E1,1.0841896E2"
Region,"22,155,000",(LDO) ĐG Lạc Dương,Lâm Đồng,209,420603,Xã Đạ Nhim,"1,956",Huyện Lạc Dương,"1.2105144E1,1.08555084E2"
Region,"22,154,000",(LDO) ĐG Lang Biang - Đà Lạt,Lâm Đồng,209,420605,Xã Đưng KNớ,"1,956",Huyện Lạc Dương,"1.1994316E1,1.08340419E2"
Region,"20,663,000",(LDO) Đạ Tẻh,Lâm Đồng,209,420801,Thị trấn Đạ Tẻh,"2,106",Huyện Đạ Tẻh,"1.15076196E1,1.074895656E2"
Region,"20,663,002",(LDO) ĐL Đạ Tẻh,Lâm Đồng,209,420801,Thị trấn Đạ Tẻh,"2,106",Huyện Đạ Tẻh,"1.1513056E1,1.074895E2"
Region,"1,896",(LDO) Đạ Huoai,Lâm Đồng,209,420901,Thị trấn Cát Tiên,"3,146",Huyện Cát Tiên,"1.1388864E1,1.07516161E2"
Region,"20,669,000",(LDO) Cát Tiên,Lâm Đồng,209,420901,Thị trấn Cát Tiên,"3,146",Huyện Cát Tiên,"1.15655413E1,1.073698576E2"
Region,"21,294,000",(LDO) Đinh Văn Lâm Hà,Lâm Đồng,209,421001,Thị trấn Đinh Văn,"1,958",Huyện Lâm Hà,"1.1789361E1,1.08246608E2"
Region,"21,458,000",(LDO) Nam Ban Lâm Hà,Lâm Đồng,209,421002,Thị trấn Nam Ban,"1,958",Huyện Lâm Hà,"1.1824222E1,1.08336835E2"
Region,"21,458,001",(LDO) ĐL Nam Ban Lâm Hà,Lâm Đồng,209,421002,Thị trấn Nam Ban,"1,958",Huyện Lâm Hà,"1.185077E1,1.08327982E2"
Region,"22,425,000",(LDO) Tân Hà Lâm Hà,Lâm Đồng,209,421014,Xã Tân Hà,"1,958",Huyện Lâm Hà,"1.174522E1,1.082074E2"
Region,"22,222,000",(LDO) Bảo Lâm 1,Lâm Đồng,209,42111,Thị trấn Lộc Thắng,"1,839",Huyện Bảo Lâm,"1.16136676E1,1.07839085E2"
Region,"20,670,000",(LDO) Đam Rông 3,Lâm Đồng,209,421204,Xã Đạ Rsal,"1,919",Huyện Đam Rông,"1.21726626E1,1.081320347E2"
Region,"20,144,000",(BTH) Mũi Né,Bình Thuận,258,470105,Phường Hàm Tiến,"1,666",Thành phố Phan Thiết,"1.0952493E1,1.082525145E2"
Region,"21,396,000",(BTH) Hàm Thắng,Bình Thuận,258,470110,Phường Phú Tài,"1,666",Thành phố Phan Thiết,"1.09450996E1,1.080951941E2"
Region,"21,320,000",(BTH) Phú Thủy,Bình Thuận,258,470111,Phường Phú Thủy,"1,666",Thành phố Phan Thiết,"1.09392853E1,1.08109107E2"
Region,"21,298,000",(BTH) Liên Hương,Bình Thuận,258,470201,Thị trấn Liên Hương,"1,781",Huyện Tuy Phong,"1.1224950875028219E1,1.0873370355218006E2"
Region,"22,549,000",(BTH) Phan Rí Cửa,Bình Thuận,258,470202,Thị trấn Phan Rí Cửa,"1,781",Huyện Tuy Phong,"1.1180962E1,1.08560391E2"
Region,"20,633,000",(BTH) Bắc Bình,Bình Thuận,258,470301,Thị trấn Chợ Lầu,"1,780",Huyện Bắc Bình,"1.12208094E1,1.085108341E2"
Region,"22,934,000",(BTH) Lương Sơn,Bình Thuận,258,470302,Thị trấn Lương Sơn,"1,780",Huyện Bắc Bình,"1.1190502E1,1.08359856E2"
Region,"22,483,000",(BTH) Hàm Thuận,Bình Thuận,258,470401,Thị trấn Ma Lâm,"1,777",Huyện Hàm Thuận Bắc,"1.1048714E1,1.08127552E2"
Region,"22,483,001",(BTH) ĐG La Dạ,Bình Thuận,258,470403,Xã Đa Mi,"1,777",Huyện Hàm Thuận Bắc,"1.1241276E1,1.07861192E2"
Region,"21,403,000",(BTH) Hàm Liêm,Bình Thuận,258,470409,Xã Hàm Liêm,"1,777",Huyện Hàm Thuận Bắc,"1.09905062E1,1.080837461E2"
Region,"21,065,000",(BTH) Hàm Thuận Nam,Bình Thuận,258,470505,Xã Hàm Minh,"1,776",Huyện Hàm Thuận Nam,"1.08537489E1,1.078935796E2"
Region,"21,290,000",(BTH) Tuyên Quang,Bình Thuận,258,470506,Xã Hàm Mỹ,"1,776",Huyện Hàm Thuận Nam,"1.0931709E1,1.08038546E2"
Region,"20,687,000",(BTH) Hàm Tân,Bình Thuận,258,470602,Thị trấn Tân Nghĩa,"3,196",Huyện Hàm Tân,"1.0826291E1,1.07731873E2"
Region,"22,329,000",(BTH) ĐL Trà Tân,Bình Thuận,258,470704,Xã Đông Hà,"1,779",Huyện Đức Linh,"1.1029463E1,1.07447952E2"
Region,"21,456,000",(BTH) Đức Linh,Bình Thuận,258,470709,Xã Nam Chính,"1,779",Huyện Đức Linh,"1.11845351E1,1.075465737E2"
Region,"2,357",(BTH) Đồng Kho,Bình Thuận,258,470804,Xã Đức Bình,"2,012",Huyện Tánh Linh,"1.11069444E1,1.077306148E2"
Region,"22,452,000",(BTH) Phú Quý,Bình Thuận,258,470903,Xã Tam Thanh,"2,116",Huyện đảo Phú Quý,"1.0506837E1,1.08956568E2"
Region,"21,067,000",(BTH) Tân Hải,Bình Thuận,258,471007,Xã Tân Hải,"1,778",Thị xã La Gi,"1.07198829E1,1.078652271E2"
Region,"21,594,000",(BTH) Phước Hội,Bình Thuận,258,471008,Xã Tân Phước,"1,778",Thị xã La Gi,"1.06608129E1,1.077478043E2"
Region,"21,659,000",(DNO) ĐL Nam Gia Nghĩa 1,Đắk Nông,241,630103,Phường Nghĩa Tân,"1,627",Thành phố Gia Nghĩa,"1.1979861E1,1.07668333E2"
Region,"22,242,000",(DNO) Bắc Gia Nghĩa,Đắk Nông,241,630104,Phường Nghĩa Thành,"1,627",Thành phố Gia Nghĩa,"1.20222459E1,1.076876816E2"
Region,"22,048,000",(DNO) Đông Gia Nghĩa,Đắk Nông,241,630105,Phường Nghĩa Trung,"1,627",Thành phố Gia Nghĩa,"1.1980431E1,1.07701873E2"
Region,"22,048,001",(DNO) ĐL Nam Gia Nghĩa 2,Đắk Nông,241,630105,Phường Nghĩa Trung,"1,627",Thành phố Gia Nghĩa,"1.1976817E1,1.0764993E2"
Region,"20,269,000",(DNO) Kiến Đức,Đắk Nông,241,630201,Thị trấn Kiến Đức,"1,790",Huyện Đắk R lấp,"1.1999575E1,1.07527199E2"
Region,"20,269,003",(DNO) Nhân Cơ,Đắk Nông,241,630204,Xã Đắk Wer,"1,790",Huyện Đắk R lấp,"1.1984897E1,1.07569637E2"
Region,"22,394,000",(DNO) Quảng Tín,Đắk Nông,241,630211,Xã Quảng Tín,"1,790",Huyện Đắk R lấp,"1.1938776E1,1.07448236E2"
Region,"20,673,001",(DNO) ĐG Đắk Mil,Đắk Nông,241,630305,Xã Đắk R'La,"1,792",Huyện Đắk Mil,"1.2518903E1,1.07755139E2"
Region,"22,375,000",(DNO) ĐG Đắk Sắk,Đắk Nông,241,630306,Xã Đắk Sắk,"1,792",Huyện Đắk Mil,"1.2429889E1,1.0766125E2"
Region,"2,309",(DNO) Đức Lập,Đắk Nông,241,630307,Xã Đức Mạnh,"1,792",Huyện Đắk Mil,"1.24536119E1,1.076314262E2"
Region,"20,673,000",(DNO) Cư Jút,Đắk Nông,241,630401,Thị trấn Ea T'Ling,"3,152",Huyện Cư Jút,"1.2591587E1,1.07896341E2"
Region,"20,673,002",(DNO) ĐG Đắk Wil,Đắk Nông,241,630405,Xã Ea Pô,"3,152",Huyện Cư Jút,"1.267667E1,1.07873382E2"
Region,"21,477,000",(DNO) Đức An,Đắk Nông,241,630501,Thị trấn Đức An,"2,120",Huyện Đắk Song,"1.2263139E1,1.07611458E2"
Region,"22,086,000",(DNO) Trường Xuân,Đắk Nông,241,630506,Xã Nâm N'Jang,"2,120",Huyện Đắk Song,"1.2188916E1,1.07583611E2"
Region,"20,591,000",(DNO) Krông Nô,Đắk Nông,241,630601,Thị trấn Đắk Mâm,"2,151",Huyện Krông Nô,"1.2466185E1,1.07861969E2"
Region,"20,591,001",(DNO) ĐG Quảng Phú,Đắk Nông,241,630604,Xã Đắk Nang,"2,151",Huyện Krông Nô,"1.2313361E1,1.07953389E2"
Region,"20,591,002",(DNO) ĐG Nâm Nung,Đắk Nông,241,630609,Xã Nâm Nung,"2,151",Huyện Krông Nô,"1.2394333E1,1.07838472E2"
Region,"21,364,000",(DNO) Quảng Khê,Đắk Nông,241,630706,Xã Quảng Khê,"1,791",Huyện Đắk Glong,"1.1914117E1,1.07791275E2"
Region,"21,150,000",(DNO) Quảng Sơn,Đắk Nông,241,630707,Xã Quảng Sơn,"1,791",Huyện Đắk Glong,"1.2157897E1,1.07875858E2"
Region,"20,590,000",(DNO) Tuy Đức,Đắk Nông,241,630801,Xã Đắk Búk So,"2,227",Huyện Tuy Đức,"1.2213371E1,1.07465984E2"
Region,"20,590,004",(DNO) ĐG Tuy Đức,Đắk Nông,241,630803,Xã Đắk R'Tíh,"2,227",Huyện Tuy Đức,"1.2076592E1,1.07485642E2"
Region,"23,015,000",(LDO) Bảo Lâm 3,Lâm Đồng,209,761213,Xã Lộc Thành,"1,839",Huyện Bảo Lâm,"1.1445539E1,1.07836391E2"
Region,"21,993,000",(LSO) Tam Thanh,Lạng Sơn,247,100104,Phường Tam Thanh,"1,642",Thành phố Lạng Sơn,"2.1868383E1,1.0675348E2"
Region,"21,995,000",(LSO) Đông Kinh,Lạng Sơn,247,100107,Xã Mai Pha,"1,642",Thành phố Lạng Sơn,"2.1832049E1,1.06762092E2"
Region,"20,842,000",(LSO) Thất Khê,Lạng Sơn,247,100201,Thị trấn Thất Khê,"2,036",Huyện Tràng Định,"2.2254914E1,1.0647654E2"
Region,"21,301,000",(LSO) Bình Gia,Lạng Sơn,247,100301,Thị trấn Bình Gia,"3,138",Huyện Bình Gia,"2.1952533E1,1.06364892E2"
Region,"22,304,000",(LSO) Na Sầm,Lạng Sơn,247,100406,Xã Hoàng Việt,"3,310",Huyện Văn Lãng,"2.2041E1,1.066241667E2"
Region,"20,315,000",(LSO) Bắc Sơn,Lạng Sơn,247,100501,Thị trấn Bắc Sơn,"3,134",Huyện Bắc Sơn,"2.1900985E1,1.06319072E2"
Region,"20,059,003",(LSO) ĐG Văn Quan,Lạng Sơn,247,100601,Thị trấn Văn Quan,"3,311",Huyện Văn Quan,"2.1862575E1,1.065408491E2"
Region,"20,059,000",(LSO) Đồng Đăng,Lạng Sơn,247,100702,Thị trấn Đồng Đăng,"1,904",Huyện Cao Lộc,"2.1950466E1,1.06699845E2"
Region,"20,060,000",(LSO) Lộc Bình,Lạng Sơn,247,100801,Thị trấn Lộc Bình,"1,963",Huyện Lộc Bình,"2.175149E1,1.06928509E2"
Region,"20,735,000",(LSO) Chi Lăng,Lạng Sơn,247,100902,Thị trấn Đồng Mỏ,"3,156",Huyện Chi Lăng,"2.1652227E1,1.06583531E2"
Region,"21,302,000",(LSO) Đình Lập,Lạng Sơn,247,101008,Xã Đình Lập,"3,182",Huyện Đình Lập,"2.1548589E1,1.07100495E2"
Region,"20,857,000",(LSO) Hữu Lũng,Lạng Sơn,247,101117,Xã Sơn Hà,"1,948",Huyện Hữu Lũng,"2.1494701E1,1.06341913E2"
Region,"20,059,002",(LSO) ĐG Điềm He,Lạng Sơn,247,800082,Xã Điềm He,"3,311",Huyện Văn Quan,"2.1892E1,1.066006389E2"
Region,"20,896,000",(YBA) Yên Bái,Yên Bái,263,130102,Phường Hồng Hà,"1,674",Thành phố Yên Bái,"2.16976323E1,1.04872893E2"
Region,"21,974,000",(YBA) Cầu Thia,Yên Bái,263,130201,Phường Cầu Thia,"2,063",Thị xã Nghĩa Lộ,"2.1588361E1,1.04519038E2"
Region,"21,560,000",(YBA) Mậu A,Yên Bái,263,130301,Thị trấn Mậu A,"2,047",Huyện Văn Yên,"2.188095E1,1.04681967E2"
Region,"23,050,000",(YBA) Đông Cuông,Yên Bái,263,130308,Xã Đông An,"2,047",Huyện Văn Yên,"2.1969378E1,1.0458572E2"
Region,"23,033,000",(YBA) Thác Bà,Yên Bái,263,130401,Thị trấn Thác Bà,"2,266",Huyện Yên Bình,"2.1746845E1,1.05050481E2"
Region,"20,915,000",(YBA) Bảo Ái,Yên Bái,263,130404,Xã Bảo Ái,"2,266",Huyện Yên Bình,"2.18848459E1,1.048384664E2"
Region,"21,641,003",(YBA) ĐG Cảm Nhân,Yên Bái,263,130406,Xã Cảm Nhân,"2,266",Huyện Yên Bình,"2.1986232E1,1.04975361E2"
Region,"23,049,000",(YBA) Văn Phú,Yên Bái,263,130425,Xã Yên Bình,"2,266",Huyện Yên Bình,"2.1725558E1,1.04922767E2"
Region,"20,991,000",(YBA) Cát Thịnh,Yên Bái,263,130606,Xã Cát Thịnh,"2,044",Huyện Văn Chấn,"2.1489694E1,1.04724528E2"
Region,"22,519,000",(YBA) Trấn Yên,Yên Bái,263,130701,Thị trấn Cổ Phúc,"2,039",Huyện Trấn Yên,"2.176219E1,1.04819229E2"
Region,"20,896,003",(YBA) ĐG Lương Thịnh,Yên Bái,263,130709,Xã Hưng Thịnh,"2,039",Huyện Trấn Yên,"2.1617342E1,1.04782753E2"
Region,"21,974,001",(YBA) ĐG Hạnh Phúc,Yên Bái,263,130801,Thị trấn Trạm Tấu,"2,248",Huyện Trạm Tấu,"2.1466055E1,1.04379639E2"
Region,"21,383,000",(YBA) Lục Yên,Yên Bái,263,130901,Thị trấn Yên Thế,"1,967",Huyện Lục Yên,"2.211073E1,1.04763187E2"
Region,"21,072,000",(LCA) Cam Đường 1,Lào Cai,269,80101,Phường Bắc Cường,"1,682",Thành phố Lào Cai,"2.2471867E1,1.03975093E2"
Region,"20,650,000",(LCA) Cam Đường 2,Lào Cai,269,80102,Phường Bắc Lệnh,"1,682",Thành phố Lào Cai,"2.2430257E1,1.04010948E2"
Region,"21,706,000",(LCA) Lào Cai,Lào Cai,269,80105,Phường Duyên Hải,"1,682",Thành phố Lào Cai,"2.24884422E1,1.039637091E2"
Region,"20,939,000",(LCA) Bát Xát,Lào Cai,269,80301,Thị trấn Bát Xát,"1,744",Huyện Bát Xát,"2.2532578E1,1.03896318E2"
Region,"20,982,000",(LCA) Bảo Thắng,Lào Cai,269,80410,Xã Sơn Hà,"2,073",Huyện Bảo Thắng,"2.2318188E1,1.04178798E2"
Region,"20,703,000",(LCA) Sa Pa,Lào Cai,269,80501,Phường Sa Pa,"2,005",Thị xã Sa Pa,"2.2348702E1,1.03856428E2"
Region,"22,094,000",(LCA) Văn Bàn,Lào Cai,269,80601,Thị trấn Khánh Yên,"2,043",Huyện Văn Bàn,"2.20886897E1,1.042558363E2"
Region,"20,754,000",(LCA) Bảo Yên,Lào Cai,269,80701,Thị trấn Phố Ràng,"1,891",Huyện Bảo Yên,"2.2230917E1,1.04478426E2"
Region,"20,982,002",(LCA) ĐG Bảo Yên,Lào Cai,269,80701,Thị trấn Phố Ràng,"1,891",Huyện Bảo Yên,"2.2396297E1,1.04458545E2"
Region,"22,751,000",(LCA) Bảo Hà,Lào Cai,269,80702,Xã Bảo Hà,"1,891",Huyện Bảo Yên,"2.2180426E1,1.04354133E2"
Region,"20,985,000",(LCA) Bắc Hà,Lào Cai,269,80801,Thị trấn Bắc Hà,"1,892",Huyện Bắc Hà,"2.2533284E1,1.04291139E2"
Region,"21,306,000",(LCA) Mường Khương,Lào Cai,269,80901,Thị trấn Mường Khương,"2,171",Huyện Mường Khương,"2.2759348E1,1.0411219E2"
Region,"22,608,000",(LCA) Si Ma Cai,Lào Cai,269,90816,Thị Trấn Si Ma Cai,"2,264",Huyện Si Ma Cai,"2.2688126E1,1.042691E2"
Region,"22,694,000",(NAN) Trường Vinh 1,Nghệ An,235,290101,Phường Bến Thủy,"1,617",Thành phố Vinh,"1.8657435E1,1.05700302E2"
Region,"22,694,001",(NAN) ĐL Trường Vinh,Nghệ An,235,290101,Phường Bến Thủy,"1,617",Thành phố Vinh,"1.8655504E1,1.05705096E2"
Region,"21,353,000",(NAN) Vinh Phú,Nghệ An,235,290105,Phường Hà Huy Tập,"1,617",Thành phố Vinh,"1.8705196E1,1.05671911E2"
Region,"21,400,000",(NAN) Trường Vinh 2,Nghệ An,235,290109,Phường Hưng Phúc,"1,617",Thành phố Vinh,"1.8680057E1,1.05687914E2"
Region,"21,314,000",(NAN) Thành Vinh,Nghệ An,235,290113,Phường Quang Trung,"1,617",Thành phố Vinh,"1.86764079E1,1.056718042E2"
Region,"21,515,000",(NAN) Cửa Lò,Nghệ An,235,290205,Phường Nghi Thu,"1,842",Thị xã Cửa Lò,"1.8800142E1,1.05712679E2"
Region,"20,953,001",(NAN) ĐG Quỳ Châu,Nghệ An,235,290311,Xã Châu Tiến,"3,261",Huyện Quỳ Châu,"1.9546528E1,1.05102938E2"
Region,"20,553,000",(NAN) Quỳ Hợp,Nghệ An,235,290401,Thị trấn Quỳ Hợp,"1,852",Huyện Quỳ Hợp,"1.9321535E1,1.05185944E2"
Region,"20,863,000",(NAN) Nghĩa Đàn,Nghệ An,235,290501,Thị trấn Nghĩa Đàn,"1,851",Huyện Nghĩa Đàn,"1.9335419E1,1.0548967E2"
Region,"1,402",(NAN) Nghĩa Hưng,Nghệ An,235,290512,Xã Nghĩa Liên,"1,851",Huyện Nghĩa Đàn,"1.9326061E1,1.05354112E2"
Region,"21,593,000",(NAN) Quỳnh Lưu 1,Nghệ An,235,290609,Xã Quỳnh Giang,"1,848",Huyện Quỳnh Lưu,"1.9134485E1,1.05619612E2"
Region,"20,862,000",(NAN) Quỳnh Lưu 2,Nghệ An,235,290610,Xã Quỳnh Hậu,"1,848",Huyện Quỳnh Lưu,"1.9163119E1,1.05645299E2"
Region,"20,527,003",(NAN) ĐG Mường Xén,Nghệ An,235,29071,Thị trấn Mường Xén,"3,211",Huyện Kỳ Sơn,"1.9393275E1,1.04155909E2"
Region,"20,527,002",Điểm xử lý hàng Thị Trấn Mường Xén-Kỳ Sơn-Nghệ An,Nghệ An,235,29071,Thị trấn Mường Xén,"3,211",Huyện Kỳ Sơn,"1.9263988E1,1.04466434E2"
Region,"20,527,000",(NAN) Tương Dương,Nghệ An,235,290801,Thị trấn Hòa Bình,"3,288",Huyện Tương Dương,"1.9264078E1,1.04466515E2"
Region,"21,592,000",(NAN) Con Cuông,Nghệ An,235,290901,Thị trấn Con Cuông,"1,853",Huyện Con Cuông,"1.9045314E1,1.04890018E2"
Region,"20,187,000",(NAN) Tân Kỳ,Nghệ An,235,291001,Thị trấn Tân Kỳ,"1,845",Huyện Tân Kỳ,"1.904969E1,1.05273147E2"
Region,"20,918,000",(NAN) Tân Phú,Nghệ An,235,291020,Xã Tân Phú,"1,845",Huyện Tân Kỳ,"1.916375060670976E1,1.0530051018488257E2"
Region,"23,048,000",(NAN) Yên Thành 1,Nghệ An,235,291101,Thị trấn Yên Thành,"1,846",Huyện Yên Thành,"1.8998675E1,1.05469357E2"
Region,"22,738,001",(NAN) ĐL Bình Minh 2,Nghệ An,235,291108,Xã Đức Thành,"1,846",Huyện Yên Thành,"1.9099833E1,1.05524394E2"
Region,"22,104,000",(NAN) ĐL Bình Minh 1,Nghệ An,235,291108,Xã Đức Thành,"1,846",Huyện Yên Thành,"1.9099833E1,1.05524394E2"
Region,"22,738,000",(NAN) Giai Lạc,Nghệ An,235,291116,Xã Lăng Thành,"1,846",Huyện Yên Thành,"1.9046869E1,1.05497401E2"
Region,"22,104,001",(NAN) ĐL Đông Thành,Nghệ An,235,291125,Xã Phú Thành,"1,846",Huyện Yên Thành,"1.9024937E1,1.05509653E2"
Region,"20,608,002",(NAN) ĐG Vân Du,Nghệ An,235,291131,Xã Tây Thành,"1,846",Huyện Yên Thành,"1.9016647E1,1.05343563E2"
Region,"22,035,000",(NAN) Đức Châu,Nghệ An,235,291212,Xã Diễn Hồng,"1,847",Huyện Diễn Châu,"1.9038817E1,1.05583329E2"
Region,"20,751,000",(NAN) An Châu,Nghệ An,235,291233,Xã Diễn Thịnh,"1,847",Huyện Diễn Châu,"1.8949647E1,1.05603258E2"
Region,"22,956,000",(NAN) Hùng Châu,Nghệ An,235,291236,Xã Diễn Trường,"1,847",Huyện Diễn Châu,"1.911049E1,1.05601722E2"
Region,"20,391,000",(NAN) Đô Lương,Nghệ An,235,291401,Thị trấn Đô Lương,"1,843",Huyện Đô Lương,"1.8897108E1,1.05302903E2"
Region,"20,560,000",(NAN) Bạch Hà,Nghệ An,235,291418,Xã Mỹ Sơn,"1,843",Huyện Đô Lương,"1.8852962E1,1.05422867E2"
Region,"20,786,000",(NAN) Đại Đồng,Nghệ An,235,291501,Thị trấn Thanh Chương,"3,291",Huyện Thanh Chương,"1.8775321E1,1.05339047E2"
Region,"22,940,000",(NAN) Hạnh Lâm,Nghệ An,235,291504,Xã Hạnh Lâm,"3,291",Huyện Thanh Chương,"1.8813271E1,1.05178117E2"
Region,"21,343,000",(NAN) Nghi Lộc,Nghệ An,235,291601,Thị trấn Quán Hành,"1,854",Huyện Nghi Lộc,"1.8786181E1,1.05647356E2"
Region,"21,399,000",(NAN) Phúc Lộc,Nghệ An,235,291611,Xã Nghi Lâm,"1,854",Huyện Nghi Lộc,"1.8824688E1,1.05546088E2"
Region,"22,923,000",(NAN) Vinh Lộc,Nghệ An,235,291630,Xã Phúc Thọ,"1,854",Huyện Nghi Lộc,"1.8733739E1,1.05728056E2"
Region,"21,470,000",(NAN) Vạn An,Nghệ An,235,291701,Thị trấn Nam Đàn,"3,233",Huyện Nam Đàn,"1.8715019E1,1.05493747E2"
Region,"22,330,000",(NAN) Hưng Nguyên,Nghệ An,235,291801,Thị trấn Hưng Nguyên,"1,947",Huyện Hưng Nguyên,"1.8661105E1,1.05630569E2"
Region,"22,933,000",(NAN) Hưng Nguyên Nam,Nghệ An,235,291820,Xã Hưng Xá,"1,947",Huyện Hưng Nguyên,"1.8616453E1,1.05607341E2"
Region,"20,953,000",(NAN) Quế Phong,Nghệ An,235,291901,Thị trấn Kim Sơn,"3,260",Huyện Quế Phong,"1.9606112E1,1.04925287E2"
Region,"21,467,000",(NAN) Quỳnh Mai,Nghệ An,235,292105,Phường Quỳnh Xuân,"1,849",Thị xã Hoàng Mai,"1.9223196E1,1.05693065E2"
Region,"22,272,000",(NAN) Anh Sơn,Nghệ An,235,91480,Thị trấn Kim Nhan,"1,844",Huyện Anh Sơn,"1.893101E1,1.050882E2"
Region,"22,752,000",(HNA) Phủ Lý,Hà Nam,232,240105,Phường Liêm Chính,"1,614",Thành phố Phủ Lý,"2.0531611E1,1.05923278E2"
Region,"21,572,000",(HNA) Phù Vân,Hà Nam,232,240117,Xã Phù Vân,"1,614",Thành phố Phủ Lý,"2.0550948474165796E1,1.05895231169314E2"
Region,"23,031,000",(HNA) Đồng Văn,Hà Nam,232,240201,Thị trấn Đồng Văn,"1,802",Thị xã Duy Tiên,"2.0639056E1,1.05936077E2"
Region,"22,560,000",(HNA) Duy Tiên,Hà Nam,232,240202,Thị trấn Hòa Mạc,"1,802",Thị xã Duy Tiên,"2.064154E1,1.05994352E2"
Region,"22,944,000",(HNA) Lý Thường Kiệt,Hà Nam,232,240315,Xã Thi Sơn,"1,952",Huyện Kim Bảng,"2.0568535E1,1.0586474E2"
Region,"20,508,000",(HNA) Vĩnh Trụ,Hà Nam,232,240401,Thị trấn Vĩnh Trụ,"1,970",Huyện Lý Nhân,"2.0553684E1,1.06039105E2"
Region,"22,533,000",(HNA) Thanh Liêm,Hà Nam,232,240510,Xã Thanh Hương,"2,027",Huyện Thanh Liêm,"2.0460357E1,1.05917801E2"
Region,"20,306,000",(HNA) Bình Mỹ,Hà Nam,232,240601,Thị trấn Bình Mỹ,"1,897",Huyện Bình Lục,"2.0484271E1,1.06027276E2"
Region,"21,385,000",(NDI) Nam Định 2,Nam Định,231,250103,Phường Cửa Nam,"1,613",Thành phố Nam Định,"2.0416445E1,1.06182582E2"
Region,"21,589,000",(NDI) Đông A,Nam Định,231,250122,Xã Lộc Hòa,"1,613",Thành phố Nam Định,"2.0436015E1,1.06154471E2"
Region,"20,668,000",(NDI) Nam Định 1,Nam Định,231,250204,Xã Mỹ Phúc,"1,981",Huyện Mỹ Lộc,"2.0459306E1,1.06156501E2"
Region,"22,039,000",(NDI) Xuân Hưng,Nam Định,231,250303,Xã Xuân Bắc,"3,323",Huyện Xuân Trường,"2.0279023E1,1.06372345E2"
Region,"21,704,000",(NDI) Giao Bình,Nam Định,231,250420,Xã Giao Yến,"3,193",Huyện Giao Thủy,"2.024472E1,1.06403566E2"
Region,"20,883,000",(NDI) Ý Yên,Nam Định,231,250511,Xã Yên Khánh,"1,841",Huyện Ý Yên,"2.0333001E1,1.06009734E2"
Region,"22,823,000",(NDI) Vạn Thắng,Nam Định,231,250526,Xã Yên Thắng,"1,841",Huyện Ý Yên,"2.0289272E1,1.06072365E2"
Region,"21,507,000",(NDI) Minh Tân,Nam Định,231,250602,Xã Cộng Hòa,"3,319",Huyện Vụ Bản,"2.037715E1,1.06079322E2"
Region,"21,543,000",(NDI) Nam Minh,Nam Định,231,250707,Xã Nam Dương,"1,983",Huyện Nam Trực,"2.0323276E1,1.06172972E2"
Region,"1,441",(NDI) Trực Ninh,Nam Định,231,250813,Xã Trực Nội,"3,308",Huyện Trực Ninh,"2.0247375E1,1.06224672E2"
Region,"21,461,000",(NDI) Nghĩa Hưng,Nam Định,231,250901,Thị trấn Liễu Đề,"3,243",Huyện Nghĩa Hưng,"2.0219002E1,1.06187901E2"
Region,"20,310,000",(NDI) Hải Hậu,Nam Định,231,251003,Thị trấn Yên Định,"1,840",Huyện Hải Hậu,"2.0188909E1,1.06291478E2"
Region,"22,365,000",(NDI) Hải An,Nam Định,231,251022,Xã Hải Phong,"1,840",Huyện Hải Hậu,"2.014398E1,1.06221632E2"
Region,"21,626,000",(NBI) Hoa Lư 3,Ninh Bình,233,270101,Phường Bích Đào,"1,615",Thành phố Ninh Bình,"2.0246997E1,1.05995905E2"
Region,"20,400,000",(NBI) Hoa Lư 1,Ninh Bình,233,270105,Phường Ninh Khánh,"1,615",Thành phố Ninh Bình,"2.0286076E1,1.05958887E2"
Region,"21,568,000",(NBI) Hoa Lư 2,Ninh Bình,233,270114,Xã Ninh Tiến,"1,615",Thành phố Ninh Bình,"2.02461936E1,1.059595693E2"
Region,"1,423",(NBI) Trung Sơn,Ninh Bình,233,270207,Xã Đông Sơn,"1,713",Thành phố Tam Điệp,"2.01467891E1,1.059227752E2"
Region,"20,950,000",(NBI) Nho Quan,Ninh Bình,233,270301,Thị trấn Nho Quan,"3,247",Huyện Nho Quan,"2.0311578E1,1.05751131E2"
Region,"20,950,001",(NBI) ĐL Nho Quan,Ninh Bình,233,270301,Thị trấn Nho Quan,"3,247",Huyện Nho Quan,"2.02998367E1,1.057876527E2"
Region,"20,876,000",(NBI) Quỳnh Lưu,Ninh Bình,233,270312,Xã Phú Lộc,"3,247",Huyện Nho Quan,"2.0236635E1,1.05800529E2"
Region,"20,657,000",(NBI) Đại Hoàng,Ninh Bình,233,270417,Xã Gia Trung,"3,191",Huyện Gia Viễn,"2.0303406E1,1.05872487E2"
Region,"20,353,000",(NBI) Yên Mô,Ninh Bình,233,270601,Thị trấn Yên Thịnh,"3,327",Huyện Yên Mô,"2.0162693E1,1.06003394E2"
Region,"20,677,000",(NBI) Quang Thiện,Ninh Bình,233,270721,Xã Quang Thiện,"3,205",Huyện Kim Sơn,"2.0098931E1,1.06103898E2"
Region,"20,398,000",(NBI) Yên Khánh,Ninh Bình,233,270801,Thị trấn Yên Ninh,"1,714",Huyện Yên Khánh,"2.0171771E1,1.06072393E2"
Region,"22,948,000",(HNA) Kim Thanh,Hà Nam,232,91409,Phường Tân Tựu,"1,952",Huyện Kim Bảng,"2.0623416E1,1.0589309E2"
Region,"21,509,000",(NDI) Mỹ Lộc,Nam Định,231,91411,Phường Hưng Lộc,"1,613",Thành phố Nam Định,"2.0447713E1,1.06114601E2"
Region,"2,468",(NBI) Gia Viễn,Ninh Bình,233,91429,Thị trấn Thịnh Vượng,"3,191",Huyện Gia Viễn,"2.0346249E1,1.05850577E2"
Region,"22,875,000",(PTH) Thanh Miếu,Phú Thọ,229,150111,Phường Tiên Cát,"1,602",Thành phố Việt Trì,"2.1306131E1,1.05407108E2"
Region,"21,980,000",(PTH) Vân Phú,Phú Thọ,229,150117,Xã Kim Đức,"1,602",Thành phố Việt Trì,"2.13604885E1,1.053563265E2"
Region,"22,034,000",(PTH) Phú Thọ,Phú Thọ,229,150209,Xã Thanh Minh,"2,064",Thị xã Phú Thọ,"2.140157679955079E1,1.051998722671873E2"
Region,"22,851,000",(PTH) Đoan Hùng,Phú Thọ,229,150301,Thị trấn Đoan Hùng,"1,925",Huyện Đoan Hùng,"2.1625015E1,1.05180256E2"
Region,"22,118,000",(PTH) Thanh Ba,Phú Thọ,229,150408,Xã Đồng Xuân,"3,290",Huyện Thanh Ba,"2.1497321E1,1.05123702E2"
Region,"22,765,000",(PTH) Hạ Hòa,Phú Thọ,229,150501,Thị trấn Hạ Hoà,"1,938",Huyện Hạ Hòa,"2.1551306E1,1.05011167E2"
Region,"20,837,000",(PTH) Yên Lập,Phú Thọ,229,150701,Thị trấn Yên Lập,"2,268",Huyện Yên Lập,"2.1352697E1,1.05059377E2"
Region,"22,645,000",(PTH) Thanh Sơn,Phú Thọ,229,150816,Xã Thục Luyện,"2,029",Huyện Thanh Sơn,"2.1195806E1,1.05172083E2"
Region,"22,937,000",(PTH) Phù Ninh,Phú Thọ,229,150909,Xã Phú Lộc,"1,994",Huyện Phù Ninh,"2.1420476E1,1.05295814E2"
Region,"22,071,000",(PTH) Phùng Nguyên,Phú Thọ,229,151005,Xã Hợp Hải,"1,959",Huyện Lâm Thao,"2.13084146E1,1.052815617E2"
Region,"22,070,000",(PTH) Tam Nông,Phú Thọ,229,15119,Xã Hương Nộn,"3,272",Huyện Tam Nông,"2.12759169E1,1.05261121E2"
Region,"22,501,000",(PTH) Tu Vũ,Phú Thọ,229,151206,Xã Hoàng Xá,"2,237",Huyện Thanh Thủy,"2.1108692E1,1.05288338E2"
Region,"21,057,000",(PTH) Tân Sơn,Phú Thọ,229,151309,Xã Tân Phú,"2,015",Huyện Tân Sơn,"2.121393E1,1.05023784E2"
Region,"22,040,000",(VPH) Vĩnh Yên,Vĩnh Phúc,221,160102,Phường Đồng Tâm,"1,578",Thành phố Vĩnh Yên,"2.12951563E1,1.055802109E2"
Region,"21,557,000",(VPH) Vĩnh Phúc,Vĩnh Phúc,221,160105,Phường Liên Bảo,"1,578",Thành phố Vĩnh Yên,"2.1323209393863422E1,1.0561079526264975E2"
Region,"20,626,000",(VPH) Tam Dương,Vĩnh Phúc,221,160201,Thị trấn Hợp Hòa,"2,009",Huyện Tam Dương,"2.1378012E1,1.05540277E2"
Region,"22,796,000",(VPH) Tam Dương Bắc,Vĩnh Phúc,221,160204,Xã Đồng Tĩnh,"2,009",Huyện Tam Dương,"2.142848E1,1.05589437E2"
Region,"21,705,000",(VPH) ĐL Hoàng An,Vĩnh Phúc,221,160208,Xã Hoàng Lâu,"2,009",Huyện Tam Dương,"2.1330781E1,1.05513229E2"
Region,"22,964,000",(VPH) Lập Thạch,Vĩnh Phúc,221,160302,Thị trấn Lập Thạch,"1,960",Huyện Lập Thạch,"2.1406114E1,1.0545714E2"
Region,"20,208,000",Bưu Cục TDP Văn Sơn-Lập Thạch-Vĩnh Phúc,Vĩnh Phúc,221,160302,Thị trấn Lập Thạch,"1,960",Huyện Lập Thạch,"2.1405989E1,1.05460407E2"
Region,"22,360,000",(VPH) Tiên Lữ,Vĩnh Phúc,221,160317,Xã Văn Quán,"1,960",Huyện Lập Thạch,"2.1362284E1,1.054590027E2"
Region,"22,347,000",(VPH) Vĩnh Tường,Vĩnh Phúc,221,160403,Thị trấn Vĩnh Tường,"1,733",Huyện Vĩnh Tường,"2.1211576E1,1.05516737E2"
Region,"22,283,000",(VPH) Thổ Tang,Vĩnh Phúc,221,160420,Xã Thượng Trưng,"1,733",Huyện Vĩnh Tường,"2.1237061E1,1.05492402E2"
Region,"22,963,000",(VPH) Tam Hồng,Vĩnh Phúc,221,160510,Xã Tam Hồng,"1,734",Huyện Yên Lạc,"2.1221849E1,1.05563348E2"
Region,"21,304,000",Bưu cục Xã Tam Hồng-Yên Lạc-Vĩnh Phúc,Vĩnh Phúc,221,160510,Xã Tam Hồng,"1,734",Huyện Yên Lạc,"2.122174E1,1.0556321E2"
Region,"21,584,000",(VPH) Bình Nguyên,Vĩnh Phúc,221,160602,Thị trấn Hương Canh,"1,732",Huyện Bình Xuyên,"2.1257348E1,1.05661569E2"
Region,"22,392,000",(VPH) Bình Xuyên,Vĩnh Phúc,221,160612,Xã Thiện Kế,"1,732",Huyện Bình Xuyên,"2.1337665E1,1.05659864E2"
Region,"22,964,001",(VPH) ĐL Sông Lô 1,Vĩnh Phúc,221,160706,Xã Đồng Thịnh,"3,265",Huyện Sông Lô,"2.1369118E1,1.05416218E2"
Region,"20,208,001",(VPH) ĐL Sông Lô 2,Vĩnh Phúc,221,160706,Xã Đồng Thịnh,"3,265",Huyện Sông Lô,"2.13692222E1,1.05413814E2"
Region,"20,701,000",(VPH) Hải Lựu,Vĩnh Phúc,221,160708,Xã Hải Lựu,"3,265",Huyện Sông Lô,"2.146001E1,1.0534516E2"
Region,"20,701,001",(VPH) ĐL Hải Lựu,Vĩnh Phúc,221,160708,Xã Hải Lựu,"3,265",Huyện Sông Lô,"2.1481552E1,1.05375228E2"
Region,"20,325,000",(VPH) Yên Lãng,Vĩnh Phúc,221,160709,Xã Lãng Công,"3,265",Huyện Sông Lô,"2.146973E1,1.0537879E2"
Region,"22,022,000",(VPH) Phúc Yên,Vĩnh Phúc,221,160802,Phường Hùng Vương,"2,065",Thành phố Phúc Yên,"2.12279771E1,1.05699958E2"
Region,"20,184,000",(VPH) Xuân Hòa,Vĩnh Phúc,221,160806,Phường Xuân Hoà,"2,065",Thành phố Phúc Yên,"2.1293161E1,1.05714988E2"
Region,"22,610,000",(HBI) Tân Hòa,Hòa Bình,267,230105,Phường Tân Hòa,"1,678",Thành phố Hòa Bình,"2.0843119E1,1.05333231E2"
Region,"22,889,000",(HBI) Đà Bắc,Hòa Bình,267,230201,Thị trấn Đà Bắc,"1,916",Huyện Đà Bắc,"2.0877984E1,1.05252014E2"
Region,"22,889,001",(HBI) ĐG Tân Pheo,Hòa Bình,267,230214,Xã Tân Pheo,"1,916",Huyện Đà Bắc,"2.0994786E1,1.05047175E2"
Region,"20,215,002",(HBI) ĐG Mai Hạ,Hòa Bình,267,230308,Xã Mai Hạ,"2,163",Huyện Mai Châu,"2.0624559E1,1.05052026E2"
Region,"22,977,000",(HBI) Tân Lạc,Hòa Bình,267,230401,Thị trấn Mường Khến,"2,014",Huyện Tân Lạc,"2.061957E1,1.0527289E2"
Region,"21,550,000",(HBI) Lạc Sơn,Hòa Bình,267,230501,Thị trấn Vụ Bản,"2,156",Huyện Lạc Sơn,"2.0463113E1,1.05450338E2"
Region,"22,930,000",(HBI) Kỳ Sơn,Hòa Bình,267,230601,Thị trấn Kỳ Sơn,"1,955",Huyện Kỳ Sơn,"2.0887936E1,1.05367887E2"
Region,"22,721,000",(HBI) Lương Sơn,Hòa Bình,267,230701,Thị trấn Lương Sơn,"1,968",Huyện Lương Sơn,"2.0870248E1,1.05518925E2"
Region,"22,591,000",(HBI) Kim Bôi,Hòa Bình,267,230801,Thị trấn Bo,"2,146",Huyện Kim Bôi,"2.0682237E1,1.05525783E2"
Region,"20,921,000",(HBI) Lạc Thủy,Hòa Bình,267,230901,Thị Trấn Chi Nê,"2,157",Huyện Lạc Thủy,"2.0497124E1,1.05775682E2"
Region,"21,373,000",(HBI) Yên Thủy,Hòa Bình,267,231001,Thị trấn Hàng Trạm,"2,270",Huyện Yên Thủy,"2.04026077E1,1.056188316E2"
Region,"22,942,000",(HBI) Cao Phong,Hòa Bình,267,231101,Thị trấn Cao Phong,"2,087",Huyện Cao Phong,"2.071548E1,1.05325286E2"
Region,"20,871,001",(HBI) ĐG Cao Dương,Hòa Bình,267,800042,Xã Thanh Cao,"1,968",Huyện Lương Sơn,"2.0671927E1,1.05661785E2"
Region,"20,554,000",(PTH) Cẩm Khê,Phú Thọ,229,800094,Thị Trấn Cẩm Khê,"1,905",Huyện Cẩm Khê,"2.14259914E1,1.051335446E2"
Region,"21,623,000",(HBI) Hòa Bình,Hòa Bình,267,90796,Phường Quỳnh Lâm,"1,678",Thành phố Hòa Bình,"2.0821053E1,1.05354971E2"
Region,"21,164,000",Bưu cục 1056 Quang Trung-Chánh Lộ-Quảng Ngãi,Quảng Ngãi,242,350101,Phường Chánh Lộ,"1,630",Thành phố Quảng Ngãi,"1.51024872E1,1.088139511E2"
Region,"20,884,000",Bưu Cục 366 Hai Bà Trưng-Quảng Ngãi-Quảng Ngãi,Quảng Ngãi,242,350102,Phường Lê Hồng Phong,"1,630",Thành phố Quảng Ngãi,"1.51298508E1,1.087911522E2"
Region,"20,878,000",Bưu Cục 721 Võ Nguyên Giáp-Quảng Ngãi-Quảng Ngãi,Quảng Ngãi,242,350117,Xã Tịnh Ấn Tây,"1,630",Thành phố Quảng Ngãi,"1.51512831E1,1.087837741E2"
Region,"2,320",Bưu Cục Vận Hành Đảo Lý Sơn-Quảng Ngãi,Quảng Ngãi,242,350203,Xã An Vĩnh,"2,114",Huyện đảo Lý Sơn,"1.5375175E1,1.0912677E2"
Region,"20,741,000",Bưu Cục Châu Ổ-Bình Sơn-Quảng Ngãi,Quảng Ngãi,242,350301,Thị Trấn Châu Ổ,"1,898",Huyện Bình Sơn,"1.5313183E1,1.08751319E2"
Region,"20,740,000",Bưu Cục Xóm Trảng Bông-Bình Sơn-Quảng Ngãi,Quảng Ngãi,242,350324,Xã Bình Trị,"1,898",Huyện Bình Sơn,"1.533651E1,1.08838188E2"
Region,"20,741,001",Bưu Cục Vận Hành Châu Ổ-Bình Sơn-Quảng Ngãi,Quảng Ngãi,242,350401,Thị trấn Trà Xuân,"3,304",Huyện Trà Bồng,"1.5258490628762534E1,1.085223911263E2"
Region,"21,297,000",Bưu cục Thị trấn Di Lăng-Sơn Hà-Quảng Ngãi,Quảng Ngãi,242,350601,Thị trấn Di Lăng,"2,210",Huyện Sơn Hà,"1.50422814E1,1.084649994E2"
Region,"20,734,000",Bưu Cục 43 Nguyễn Nghiêm-Huyện Tư Nghĩa-Quảng Ngãi,Quảng Ngãi,242,350701,Thị trấn La Hà,"1,738",Huyện Tư Nghĩa,"1.5088213E1,1.08826484E2"
Region,"21,164,001",Bưu Cục Vận Hành 1056 Quang-Chánh Lộ-Quảng Ngãi,Quảng Ngãi,242,350801,Thị trấn Chợ Chùa,"1,988",Huyện Nghĩa Hành,"1.5056435E1,1.08776795E2"
Region,"2,458",Bưu Cục Vận Hành Ba Tơ-Quảng Ngãi,Quảng Ngãi,242,351001,Thị trấn Mộ Đức,"3,226",Huyện Mộ Đức,"1.4761894E1,1.0873295E2"
Region,"21,596,000",(QNG) Mỏ Cày,Quảng Ngãi,242,351013,Xã Đức Thạnh,"3,226",Huyện Mộ Đức,"1.498627E1,1.08883597E2"
Region,"20,700,000",Bưu Cục 70 Đỗ Quang Thắng-Đức Phổ-Quảng Ngãi,Quảng Ngãi,242,351101,Thị trấn Đức Phổ,"1,930",Thị xã Đức Phổ,"1.48131045E1,1.089587892E2"
Region,"22,243,000",Bưu Cục 463 Phạm Văn Đồng-Lê Lợi-TP.KonTum-KonTum,Kon Tum,259,360102,Phường Lê Lợi,"1,660",Thành phố Kon Tum,"1.43197744E1,1.079882701E2"
Region,"21,149,000",Bưu Cục 303 Đào Duy Từ-Thắng Lợi-Kon Tum,Kon Tum,259,360107,Phường Thắng Lợi,"1,660",Thành phố Kon Tum,"1.43535981E1,1.08020729E2"
Region,"21,455,001",Bưu Cục Vận Hành Xã Đăk Pék-Kon Tum,Kon Tum,259,360212,Xã Xốp,"1,921",Huyện Đắk Glei,"1.5075991E1,1.07742076E2"
Region,"21,455,000",Bưu Cục 45 Trần Hưng Đạo-Thị trấn Plei Kần-Ngọc Hồi-Kon Tum,Kon Tum,259,360301,Thị trấn Plei Kần,"2,187",Huyện Ngọc Hồi,"1.47030691E1,1.076866261E2"
Region,"20,257,001",Bưu Cục Vận Hành Tu Mơ Rông-Đắk Tô-Kon Tum,Kon Tum,259,360409,Xã Văn Lem,"2,121",Huyện Đắk Tô,"1.4822616E1,1.07947561E2"
Region,"21,149,002",Điểm Xử Lý Hàng Mo Rai-Quảng Ngãi,Kon Tum,259,360503,Xã Mô Rai,"2,205",Huyện Sa Thầy,"1.4384974E1,1.07564295E2"
Region,"21,149,001",Bưu Cục Vận Hành Sa Thầy-Quảng Ngãi,Kon Tum,259,360509,Xã Ya ly,"2,205",Huyện Sa Thầy,"1.4400533E1,1.077928973E2"
Region,"20,257,000",Bưu Cục 215 Hùng Vương-Đắk Hà-Kon Tum,Kon Tum,259,360701,Thị trấn Đắk Hà,"1,835",Huyện Đắk Hà,"1.4507E1,1.0792304E2"
Region,"20,888,000",Bưu Cục Quốc lộ 24-Kon Rẫy-Kon Tum,Kon Tum,259,360804,Xã Đắk Ruồng,"2,148",Huyện Kon Rẫy,"1.4465056E1,1.0817084E2"
Region,"20,257,002",Bưu Cục Vận Hành Đắk Tô-Quảng Ngãi,Kon Tum,259,360910,Xã Tu Mơ Rông,"2,225",Huyện Tu Mơ Rông,"1.4646811E1,1.07845273E2"
Region,"21,149,003",Điểm Xử Lý Hàng Ia Hdrai-Quảng Ngãi,Kon Tum,259,361001,Xã Ia Đal,"3,446",Huyện Ia H Drai,"1.4119796E1,1.07457216E2"
Region,"20,888,002",Bưu Cục Vận Hành Kon Plông-Kon Tum,Kon Tum,259,800069,Thị Trấn Măng Đen,"1,834",Huyện Kon Plông,"1.4565832E1,1.08273587E2"
Region,"21,639,000",(QNI) Cao Xanh,Quảng Ninh,230,170104,Phường Cao Xanh,"1,604",Thành phố Hạ Long,"2.0968621E1,1.07080311E2"
Region,"22,993,000",(QNI) Việt Hưng,Quảng Ninh,230,170108,Phường Hà Khẩu,"1,604",Thành phố Hạ Long,"2.0972138E1,1.06999497E2"
Region,"20,952,000",(QNI) Hạ Long,Quảng Ninh,230,170115,Phường Hồng Hải,"1,604",Thành phố Hạ Long,"2.094171461509652E1,1.071095796548425E2"
Region,"21,049,000",(QNI) Cửa Ông 1,Quảng Ninh,230,170204,Phường Cẩm Sơn,"1,683",Thành phố Cẩm Phả,"2.1002874E1,1.07301782E2"
Region,"20,093,000",(QNI) Quang Hanh,Quảng Ninh,230,170206,Phường Cẩm Thạch,"1,683",Thành phố Cẩm Phả,"2.10076E1,1.07257537E2"
Region,"2,409",(QNI) Cửa Ông 2,Quảng Ninh,230,170211,Phường Cửa Ông,"1,683",Thành phố Cẩm Phả,"2.10389999E1,1.073586827E2"
Region,"20,381,000",(QNI) Uông Bí,Quảng Ninh,230,170306,Phường Thanh Sơn,"1,686",Thành phố Uông Bí,"2.1037059E1,1.06765197E2"
Region,"1,119",(QNI) Móng Cái 1,Quảng Ninh,230,170408,Phường Trần Phú,"1,603",Thành phố Móng Cái,"2.1533315E1,1.079690054E2"
Region,"22,943,000",(QNI) Bình Liêu,Quảng Ninh,230,170501,Thị trấn Bình Liêu,"1,896",Huyện Bình Liêu,"2.152814E1,1.07395568E2"
Region,"22,681,000",(QNI) Đầm Hà,Quảng Ninh,230,170601,Thị trấn Đầm Hà,"3,180",Huyện Đầm Hà,"2.1354894E1,1.07585209E2"
Region,"20,841,000",(QNI) Quảng Hà,Quảng Ninh,230,170709,Xã Quảng Minh,"1,940",Huyện Hải Hà,"2.1460757E1,1.07763036E2"
Region,"22,965,000",(QNI) Tiên Yên,Quảng Ninh,230,170811,Xã Tiên Lãng,"2,019",Huyện Tiên Yên,"2.1323166E1,1.0740845E2"
Region,"22,936,000",(QNI) Ba Chẽ,Quảng Ninh,230,170901,Thị trấn Ba Chẽ,"3,126",Huyện Ba Chẽ,"2.1275554E1,1.07278537E2"
Region,"20,930,000",(QNI) Đông Triều,Quảng Ninh,230,171003,Phường Hưng Đạo,"3,185",Thị xã Đông Triều,"2.1073884E1,1.065224631E2"
Region,"22,204,000",(QNI) Mạo Khê,Quảng Ninh,230,171005,Phường Mạo Khê,"3,185",Thị xã Đông Triều,"2.1054167E1,1.06595417E2"
Region,"20,253,000",(QNI) Quảng Yên,Quảng Ninh,230,171108,Phường Quảng Yên,"2,066",Thị xã Quảng Yên,"2.0939267E1,1.06828704E2"
Region,"20,355,000",(QNI) Hoành Bồ,Quảng Ninh,230,171201,Thị trấn Trới,"3,199",Huyện Hoành Bồ,"2.1032098E1,1.06992132E2"
Region,"1,892",(QNI) Vân Đồn,Quảng Ninh,230,171307,Xã Hạ Long,"1,920",Huyện đảo Vân Đồn,"2.10709195E1,1.07429446E2"
Region,"20,841,001",(QNI) Cô Tô,Quảng Ninh,230,171401,Thị trấn Cô Tô,"2,109",Huyện đảo Cô Tô,"2.1070896E1,1.07429463E2"
Region,"21,419,000",Bưu Cục Phường Bắc Lý-Đồng Hới-Quảng Bình,Quảng Bình,237,310101,Phường Bắc Lý,"1,619",Thành phố Đồng Hới,"1.7482133E1,1.06590967E2"
Region,"21,079,000",Bưu Cục 25 Phạm Văn Đồng-TP.Đồng Hới-Quảng Bình,Quảng Bình,237,310109,Phường Nam Lý,"1,619",Thành phố Đồng Hới,"1.7465558E1,1.06605429E2"
Region,"22,880,000",Bưu Cục 67 Lý Thái Tổ-Xã Đồng Lê-Quảng Bình,Quảng Bình,237,310201,Thị trấn Đồng Lê,"3,286",Huyện Tuyên Hóa,"1.788694E1,1.06023629E2"
Region,"20,196,000",Bưu Cục 129 Võ Nguyên Giáp-Minh Hóa-Quảng Bình,Quảng Bình,237,310301,Thị trấn Quy Đạt,"3,224",Huyện Minh Hóa,"1.7815167E1,1.059675E2"
Region,"21,511,000",Bưu Cục Thôn Dy Lộc-Quảng Tùng-Quảng Trạch-Quảng Bình,Quảng Bình,237,310417,Xã Quảng Tùng,"3,258",Huyện Quảng Trạch,"1.7871251E1,1.06437802E2"
Region,"21,148,000",Bưu Cục 306 Hùng Vương-Bố Trạch-Quảng Bình,Quảng Bình,237,310501,Thị trấn Hoàn Lão,"1,858",Huyện Bố Trạch,"1.7586672E1,1.06533623E2"
Region,"21,082,000",Bưu Cục Phong Nha-Bố Trạch-Quảng Bình,Quảng Bình,237,310501,Thị trấn Hoàn Lão,"1,858",Huyện Bố Trạch,"1.7615785E1,1.06319832E2"
Region,"21,148,003",Bưu Cục Vận Hành Thôn Tiền Phong-Xã Bắc Trạch-Quảng Bình,Quảng Bình,237,310526,Xã Thanh Trạch,"1,858",Huyện Bố Trạch,"1.7687294E1,1.06490481E2"
Region,"22,060,000",Bưu Cục Võ Ninh-Quảng Ninh-Quảng Bình,Quảng Bình,237,310614,Xã Võ Ninh,"2,002",Huyện Quảng Ninh,"1.7372194E1,1.06671817E2"
Region,"21,048,000",Bưu Cục 58 Lý Thường Kiệt-Lệ Thủy-Quảng Bình,Quảng Bình,237,310701,Thị trấn Kiến Giang,"1,857",Huyện Lệ Thủy,"1.72180676E1,1.06788031E2"
Region,"21,063,000",Bưu Cục 152 Hùng Vương-Ba Đồn-Quảng Bình,Quảng Bình,237,310801,Phường Ba Đồn,"1,859",Thị xã Ba Đồn,"1.7755095E1,1.0641868E2"
Region,"22,029,000",Bưu Cục 244 Lê Lợi-Đông Lương-Đông Hà-Quảng Trị,Quảng Trị,238,320108,Phường Đông Lương,"1,620",Thành phố Đông Hà,"1.68019638E1,1.071142037E2"
Region,"1,432",Bưu Cục 183 Trần Phú-Vĩnh Linh-Quảng Trị,Quảng Trị,238,320303,Thị trấn Hồ Xá,"1,861",Huyện Vĩnh Linh,"1.70664796E1,1.070132297E2"
Region,"21,062,000",Bưu Cục 258 Lê Duẩn-Hướng Hóa-Quảng Trị,Quảng Trị,238,320801,Thị trấn Khe Sanh,"1,860",Huyện Hướng Hóa,"1.662116E1,1.06727007E2"
Region,"21,971,000",Bưu Cục Thôn Phổ Lại-Thanh An-Cam Lộ-Quảng Trị,Quảng Trị,238,800110,Xã Thanh An,"1,903",Huyện Cam Lộ,"1.68392314E1,1.070862831E2"
Region,"20,782,000",Bưu Cục 18 Đường 3/2-Hải Lăng-Quảng Trị,Quảng Trị,238,800144,Thị Trấn Diên Sanh,"2,137",Huyện Hải Lăng,"1.6688409E1,1.07250067E2"
Region,"22,945,000",(SLA) Chiềng Sinh,Sơn La,266,140104,Phường Chiềng Sinh,"1,677",Thành phố Sơn La,"2.128047E1,1.0397502E2"
Region,"20,603,000",(SLA) Tô Hiệu,Sơn La,266,140105,Phường Quyết Tâm,"1,677",Thành phố Sơn La,"2.13072712E1,1.039286525E2"
Region,"21,360,000",(SLA) Quỳnh Nhai,Sơn La,266,140207,Xã Mường Giàng,"2,204",Huyện Quỳnh Nhai,"2.16485875E1,1.036292622E2"
Region,"22,505,000",(SLA) Mường La,Sơn La,266,140301,Thị trấn Ít Ong,"3,230",Huyện Mường La,"2.1506696E1,1.04030247E2"
Region,"20,973,000",(SLA) Thuận Châu,Sơn La,266,140401,Thị trấn Thuận Châu,"2,032",Huyện Thuận Châu,"2.1448736E1,1.03680149E2"
Region,"20,206,000",(SLA) Phù Yên,Sơn La,266,140401,Thị trấn Thuận Châu,"2,032",Huyện Thuận Châu,"2.1265364E1,1.046449799E2"
Region,"22,650,000",(SLA) Bắc Yên,Sơn La,266,140501,Thị trấn Bắc Yên,"2,079",Huyện Bắc Yên,"2.1246355E1,1.04433398E2"
Region,"21,600,000",(SLA) Mai Sơn,Sơn La,266,140701,Thị trấn Hát Lót,"1,971",Huyện Mai Sơn,"2.120224E1,1.0409125E2"
Region,"22,429,000",(SLA) Yên Châu,Sơn La,266,140801,Thị trấn Yên Châu,"2,267",Huyện Yên Châu,"2.1050848E1,1.04308997E2"
Region,"20,222,000",(SLA) Sông Mã,Sơn La,266,140901,Thị trấn Sông Mã,"2,007",Huyện Sông Mã,"2.10512968E1,1.037498952E2"
Region,"23,066,000",(SLA) Mộc Sơn,Sơn La,266,141001,Thị trấn Mộc Châu,"1,976",Huyện Mộc Châu,"2.0848175E1,1.04631531E2"
Region,"21,567,000",(SLA) Vân Hồ,Sơn La,266,141213,Xã Vân Hồ,"2,255",Huyện Vân Hồ,"2.07769577E1,1.047694932E2"
Region,"22,504,000",(SLA) Sốp Cộp,Sơn La,266,800118,Xã Sốp Cộp,"3,266",huyện Sốp Cộp,"2.0936674E1,1.03597402E2"
Region,"22,731,000",(SLA) Thảo Nguyên,Sơn La,266,90792,Thị Trấn Nông Trường,"1,976",Huyện Mộc Châu,"2.0833394E1,1.0466922E2"
Region,"21,650,000",(TNI) Tân Ninh,Tây Ninh,240,460103,Phường 3,"1,626",Thành phố Tây Ninh,"1.13067674E1,1.061149528E2"
Region,"21,473,000",(TNI) Bình Minh 2,Tây Ninh,240,460106,Phường Ninh Sơn,"1,626",Thành phố Tây Ninh,"1.13439174E1,1.061090041E2"
Region,"21,648,000",(TNI) Bình Minh 1,Tây Ninh,240,460108,Xã Bình Minh,"1,626",Thành phố Tây Ninh,"1.13330644E1,1.060778718E2"
Region,"20,492,000",(TNI) Tân Biên,Tây Ninh,240,460201,Thị trấn Tân Biên,"1,862",Huyện Tân Biên,"1.15437577E1,1.060127918E2"
Region,"20,920,000",(TNI) Tân Lập,Tây Ninh,240,460205,Xã Tân Lập,"1,862",Huyện Tân Biên,"1.16008977E1,1.059882247E2"
Region,"21,481,000",(TNI) Tân Châu,Tây Ninh,240,46031,Thị trấn Tân Châu,"1,863",Huyện Tân Châu,"1.15570306E1,1.061624336E2"
Region,"20,575,000",(TNI) Tân Thành,Tây Ninh,240,46032,Xã Suối Dây,"1,863",Huyện Tân Châu,"1.155291E1,1.0625804E2"
Region,"21,289,000",(TNI) Cầu Khởi,Tây Ninh,240,460404,Xã Cầu Khởi,"1,864",Huyện Dương Minh Châu,"1.12671533E1,1.062240561E2"
Region,"21,449,000",(TNI) Dương Minh Châu,Tây Ninh,240,460410,Xã Suối Đá,"1,864",Huyện Dương Minh Châu,"1.13788011E1,1.062195164E2"
Region,"21,375,000",(TNI) Châu Thành,Tây Ninh,240,46051,Thị trấn Châu Thành,"1,720",Huyện Châu Thành,"1.13115283E1,1.060197289E2"
Region,"1,514",(TNI) Hòa Thành,Tây Ninh,240,460605,Xã Long Thành Trung,"1,721",Thị xã Hòa Thành,"1.1265901E1,1.06131211E2"
Region,"22,860,000",(TNI) Long Hoa,Tây Ninh,240,460608,Xã Trường Tây,"1,721",Thị xã Hòa Thành,"1.127992E1,1.06143951E2"
Region,"20,961,000",(TNI) Bến Cầu,Tây Ninh,240,460701,Thị trấn Bến Cầu,"1,865",Huyện Bến Cầu,"1.11107548E1,1.061727425E2"
Region,"20,725,000",(TNI) Gò Dầu,Tây Ninh,240,460801,Thị trấn Gò Dầu,"1,866",Huyện Gò Dầu,"1.1094973E1,1.062633077E2"
Region,"22,203,000",(TNI) Truông Mít,Tây Ninh,240,460802,Xã Bàu Đồn,"1,866",Huyện Gò Dầu,"1.11513147E1,1.063083634E2"
Region,"20,643,000",(TNI) Trảng Bàng 2,Tây Ninh,240,460901,Thị trấn Trảng Bàng,"2,035",Thị xã Trảng Bàng,"1.10338103E1,1.063620091E2"
Region,"22,737,000",(TNI) Trảng Bàng 1,Tây Ninh,240,460902,Xã An Hòa,"2,035",Thị xã Trảng Bàng,"1.1032663E1,1.06326676E2"
Region,"1,182",(LAN) Long An 2,Long An,211,490102,Phường 2,"1,554",Thành phố Tân An,"1.0541498E1,1.064062002E2"
Region,"20,715,000",(LAN) Long An 1,Long An,211,490104,Phường 4,"1,554",Thành phố Tân An,"1.0540515E1,1.06398365E2"
Region,"22,870,000",(LAN) Vĩnh Hưng,Long An,211,490201,Thị trấn Vĩnh Hưng,"3,315",Huyện Vĩnh Hưng,"1.0896879E1,1.05783747E2"
Region,"22,831,000",(LAN) Tân Thạnh,Long An,211,490401,Thị trấn Tân Thạnh,"3,276",Huyện Tân Thạnh,"1.0609146E1,1.06047465E2"
Region,"2,363",(LAN) Thạnh Hóa,Long An,211,490501,Thị trấn Thạnh Hóa,"3,293",Huyện Thạnh Hóa,"1.064078E1,1.06181572E2"
Region,"20,529,000",(LAN) Đông Thành,Long An,211,490601,Thị trấn Đông Thành,"2,129",Huyện Đức Huệ,"1.08923729E1,1.063043427E2"
Region,"22,366,000",(LAN) Hậu Nghĩa 1,Long An,211,490702,Thị trấn Hậu Nghĩa,"1,929",Huyện Đức Hòa,"1.08841609E1,1.063973275E2"
Region,"22,864,000",(LAN) Mỹ Hạnh,Long An,211,490706,Xã Đức Hòa Đông,"1,929",Huyện Đức Hòa,"1.0833411E1,1.06470754E2"
Region,"22,819,000",(LAN) Đức Hòa,Long An,211,490707,Xã Đức Hòa Hạ,"1,929",Huyện Đức Hòa,"1.0802101E1,1.06462222E2"
Region,"22,413,000",(LAN) Đức Lập,Long An,211,490717,Xã Mỹ Hạnh Bắc,"1,929",Huyện Đức Hòa,"1.0880109E1,1.0647734E2"
Region,"22,213,000",(LAN) Hậu Nghĩa 2,Long An,211,490719,Xã Tân Mỹ,"1,929",Huyện Đức Hòa,"1.0948554E1,1.06360359E2"
Region,"20,665,000",(LAN) Bến Lức,Long An,211,490801,Thị trấn Bến Lức,"1,894",Huyện Bến Lức,"1.062123E1,1.06497656E2"
Region,"22,674,000",(LAN) Thạnh Lợi,Long An,211,490805,Xã Lương Bình,"1,894",Huyện Bến Lức,"1.0727285E1,1.06441889E2"
Region,"20,665,001",(LAN) ĐL Lương Hòa,Long An,211,490806,Xã Lương Hòa,"1,894",Huyện Bến Lức,"1.0696608E1,1.06448505E2"
Region,"23,069,000",(LAN) Mỹ Yên,Long An,211,490809,Xã Phước Lợi,"1,894",Huyện Bến Lức,"1.0624727E1,1.06544416E2"
Region,"22,835,000",(LAN) Thủ Thừa,Long An,211,490901,Thị trấn Thủ Thừa,"2,031",Huyện Thủ Thừa,"1.0602762E1,1.06409959E2"
Region,"21,710,000",(LAN) Tầm Vu,Long An,211,49101,Thị trấn Tầm Vu,"1,909",Huyện Châu Thành,"1.0450682E1,1.06462276E2"
Region,"23,044,000",(LAN) Tân Trụ,Long An,211,491103,Xã Bình Lãng,"2,016",Huyện Tân Trụ,"1.0528012E1,1.06486167E2"
Region,"2,278",(LAN) Cần Đước,Long An,211,491201,Thị trấn Cần Đước,"1,906",Huyện Cần Đước,"1.05118799E1,1.066040482E2"
Region,"22,206,001",(LAN) ĐL Long Cang,Long An,211,491202,Xã Long Cang,"1,906",Huyện Cần Đước,"1.0604247E1,1.06519982E2"
Region,"22,206,000",(LAN) Rạch Kiến,Long An,211,491204,Xã Long Hòa,"1,906",Huyện Cần Đước,"1.0581939E1,1.06590627E2"
Region,"22,849,001",(LAN) ĐL Cần Giuộc,Long An,211,491301,Thị trấn Cần Giuộc,"1,907",Huyện Cần Giuộc,"1.062407E1,1.06671745E2"
Region,"23,082,000",(LAN) Tân Tập,Long An,211,491302,Xã Đông Thạnh,"1,907",Huyện Cần Giuộc,"1.0536078E1,1.06681965E2"
Region,"22,849,000",(LAN) Phước Lý,Long An,211,491308,Xã Phước Hậu,"1,907",Huyện Cần Giuộc,"1.0631953E1,1.06611514E2"
Region,"21,529,000",(LAN) Cần Giuộc,Long An,211,491309,Xã Phước Lại,"1,907",Huyện Cần Giuộc,"1.059821E1,1.06682685E2"
Region,"23,039,000",(LAN) Tân Hưng,Long An,211,491401,Thị trấn Tân Hưng,"3,273",Huyện Tân Hưng,"1.0828963E1,1.05670817E2"
Region,"22,912,000",(LAN) Kiến Tường,Long An,211,491503,Phường 3,"3,329",Thị xã Kiến Tường,"1.0773941E1,1.05932402E2"
Region,"1,166",(BKA) Đức Xuân,Bắc Kạn,245,110101,Phường Đức Xuân,"1,640",Thành phố Bắc Kạn,"2.214221E1,1.05835268E2"
Region,"22,590,000",(BKA) Chợ Đồn,Bắc Kạn,245,110201,Thị trấn Bằng Lũng,"1,913",Huyện Chợ Đồn,"2.2158435E1,1.05594626E2"
Region,"23,076,000",(BKA) Phủ Thông,Bắc Kạn,245,110301,Thị trấn Phủ Thông,"1,889",Huyện Bạch Thông,"2.227314E1,1.0588008E2"
Region,"22,939,000",(BKA) Na Rì,Bắc Kạn,245,110401,Thị trấn Yến Lạc,"3,232",Huyện Na Rì,"2.2230805E1,1.06179246E2"
Region,"22,125,000",(BKA) Nà Phặc,Bắc Kạn,245,110501,Thị trấn Nà Phặc,"3,242",Huyện Ngân Sơn,"2.2381785E1,1.05893303E2"
Region,"22,125,006",(BKA) ĐG Bằng Vân,Bắc Kạn,245,110502,Xã Bằng Vân,"3,242",Huyện Ngân Sơn,"2.2475021E1,1.06051053E2"
Region,"22,125,005",(BKA) ĐG Ngân Sơn,Bắc Kạn,245,110511,Xã Vân Tùng,"3,242",Huyện Ngân Sơn,"2.2431075E1,1.05996997E2"
Region,"23,007,000",(BKA) Chợ Rã,Bắc Kạn,245,110601,Thị trấn Chợ Rã,"1,887",Huyện Ba Bể,"2.2454791E1,1.05741532E2"
Region,"20,811,000",(BKA) Chợ Mới,Bắc Kạn,245,11071,Thị trấn Chợ Mới,"1,914",Huyện Chợ Mới,"2.19041844E1,1.057924495E2"
Region,"22,524,000",(THN) Phan Đình Phùng,Thái Nguyên,244,120106,Phường Phan Đình Phùng,"1,639",Thành phố Thái Nguyên,"2.158994E1,1.05844935E2"
Region,"22,407,000",(THN) Quan Triều,Thái Nguyên,244,120108,Phường Quán Triều,"1,639",Thành phố Thái Nguyên,"2.1606894E1,1.05814796E2"
Region,"21,053,000",(THN) Tích Lương,Thái Nguyên,244,120117,Phường Trung Thành,"1,639",Thành phố Thái Nguyên,"2.1537063E1,1.05870105E2"
Region,"21,322,000",(THN) Quyết Thắng,Thái Nguyên,244,120125,Xã Quyết Thắng,"1,639",Thành phố Thái Nguyên,"2.1578521E1,1.05798322E2"
Region,"22,224,000",(THN) Bá Xuyên,Thái Nguyên,244,120205,Phường Mỏ Chè,"1,684",Thành Phố Sông Công,"2.14716145E1,1.058424091E2"
Region,"20,658,000",(THN) Định Hóa,Thái Nguyên,244,120301,Thị trấn Chợ Chu,"1,924",Huyện Định Hóa,"2.1910881E1,1.05644264E2"
Region,"23,045,000",(THN) Bình Yên,Thái Nguyên,244,120305,Xã Bình Yên,"1,924",Huyện Định Hóa,"2.1849764E1,1.05590958E2"
Region,"20,658,001",(THN) ĐL Phú Đình,Thái Nguyên,244,120307,Xã Điềm Mặc,"1,924",Huyện Định Hóa,"2.1814172E1,1.05531643E2"
Region,"20,622,000",(THN) Phú Lương,Thái Nguyên,244,120401,Thị trấn Đu,"2,195",Huyện Phú Lương,"2.1734983E1,1.05704326E2"
Region,"21,378,000",(THN) La Hiên,Thái Nguyên,244,120505,Xã La Hiên,"2,051",Huyện Võ Nhai,"2.1697556E1,1.05911768E2"
Region,"22,885,000",(THN) Đại Phúc,Thái Nguyên,244,120601,Thị trấn Hùng Sơn,"1,918",Huyện Đại Từ,"2.1636183E1,1.05642081E2"
Region,"22,813,000",(THN) Phú Thịnh,Thái Nguyên,244,120620,Xã Phú Thịnh,"1,918",Huyện Đại Từ,"2.166243E1,1.05578695E2"
Region,"23,020,000",(THN) Vạn Phú,Thái Nguyên,244,120629,Xã Văn Yên,"1,918",Huyện Đại Từ,"2.1542802E1,1.05652958E2"
Region,"20,507,000",(THN) Đồng Hỷ,Thái Nguyên,244,120706,Xã Hóa Thượng,"1,731",Huyện Đồng Hỷ,"2.1636695E1,1.05845766E2"
Region,"21,379,000",(THN) Nam Hòa,Thái Nguyên,244,120713,Xã Nam Hòa,"1,731",Huyện Đồng Hỷ,"2.161223E1,1.05931319E2"
Region,"22,410,000",(THN) Phú Bình 2,Thái Nguyên,244,120801,Thị trấn Hương Sơn,"1,991",Huyện Phú Bình,"2.145514E1,1.0597834E2"
Region,"23,021,000",(THN) Phú Bình 1,Thái Nguyên,244,120803,Xã Bảo Lý,"1,991",Huyện Phú Bình,"2.1478492E1,1.05953918E2"
Region,"20,913,000",(THN) Phổ Yên,Thái Nguyên,244,120901,Phường Ba Hàng,"1,990",Thị xã Phổ Yên,"2.142183E1,1.05872907E2"
Region,"21,697,000",(THN) Phúc Thuận,Thái Nguyên,244,120902,Phường Bắc Sơn,"1,990",Thị xã Phổ Yên,"2.1449532E1,1.05787782E2"
Region,"22,004,000",(THN) Vạn Xuân,Thái Nguyên,244,120912,Xã Tân Hương,"1,990",Thị xã Phổ Yên,"2.1375608E1,1.05872219E2"
Region,"22,327,000",(THO) Hàm Rồng,Thanh Hóa,234,280108,Phường Đông Thọ,"1,616",Thành phố Thanh Hóa,"1.9824188E1,1.05778076E2"
Region,"20,624,000",(THO) Hạc Thành,Thanh Hóa,234,280109,Phường Đông Vệ,"1,616",Thành phố Thanh Hóa,"1.97726478E1,1.057755257E2"
Region,"20,329,000",(THO) Quảng Phú,Thanh Hóa,234,280115,Phường Quảng Hưng,"1,616",Thành phố Thanh Hóa,"1.97904246E1,1.057977821E2"
Region,"21,674,000",(THO) Quang Trung,Thanh Hóa,234,280206,Phường Phú Sơn,"1,876",Thị xã Bỉm Sơn,"2.0076033E1,1.05854955E2"
Region,"22,093,000",(THO) Sầm Sơn,Thanh Hóa,234,280304,Phường Trường Sơn,"1,712",Thành phố Sầm Sơn,"1.9742454E1,1.05882467E2"
Region,"20,804,000",(THO) Hồi Xuân,Thanh Hóa,234,280401,Thị trấn Quan Hóa,"1,879",Huyện Quan Hóa,"2.03797512E1,1.05108017E2"
Region,"20,804,001",(THO) ĐG Quang Chiểu,Thanh Hóa,234,280606,Xã Quang Chiểu,"1,878",Huyện Mường Lát,"2.0487836E1,1.04470087E2"
Region,"22,456,000",(THO) Thiết Ống,Thanh Hóa,234,280722,Xã Thiết Ống,"2,070",Huyện Bá Thước,"2.0298947E1,1.0519917E2"
Region,"20,823,000",(THO) Thường Xuân,Thanh Hóa,234,280801,Thị trấn Thường Xuân,"1,872",Huyện Thường Xuân,"1.9898305E1,1.053554639E2"
Region,"21,972,000",(THO) ĐL Thường Xuân,Thanh Hóa,234,280806,Xã Ngọc Phụng,"1,872",Huyện Thường Xuân,"1.9922851E1,1.05340916E2"
Region,"20,823,001",(THO) ĐG Yên Nhân 2,Thanh Hóa,234,280817,Xã Yên Nhân,"1,872",Huyện Thường Xuân,"2.0028287E1,1.05090374E2"
Region,"20,823,002",(THO) ĐG Yên Nhân 1,Thanh Hóa,234,280817,Xã Yên Nhân,"1,872",Huyện Thường Xuân,"2.0037422E1,1.05080777E2"
Region,"20,825,000",(THO) Như Xuân,Thanh Hóa,234,280901,Thị trấn Yên Cát,"1,871",Huyện Như Xuân,"1.96692948E1,1.054466373E2"
Region,"20,825,001",(THO) ĐL Xuân Bình,Thanh Hóa,234,280916,Xã Xuân Hòa,"1,871",Huyện Như Xuân,"1.9540946E1,1.05399364E2"
Region,"20,239,000",(THO) Như Thanh,Thanh Hóa,234,281001,Thị trấn Bến Sung,"2,190",Huyện Như Thanh,"1.96323073E1,1.055810675E2"
Region,"20,239,001",(THO) ĐL Xuân Du,Thanh Hóa,234,281011,Xã Xuân Du,"2,190",Huyện Như Thanh,"1.9777667E1,1.05573694E2"
Region,"22,456,002",(THO) ĐG Linh Sơn,Thanh Hóa,234,281101,Thị trấn Lang Chánh,"3,216",Huyện Lang Chánh,"2.015179E1,1.05256145E2"
Region,"23,032,000",(THO) Ngọc Lặc,Thanh Hóa,234,281201,Thị Trấn Ngọc Lặc,"1,874",Huyện Ngọc Lặc,"2.0080565E1,1.05376139E2"
Region,"20,824,000",Bưu Cục Khu 1 Kim Tân-Thạch Thành-Thanh Hoá,Thanh Hóa,234,281301,Thị trấn Kim Tân,"1,880",Huyện Thạch Thành,"2.01344772E1,1.056794164E2"
Region,"22,988,000",(THO) Kim Tân,Thanh Hóa,234,281301,Thị trấn Kim Tân,"1,880",Huyện Thạch Thành,"2.0125524E1,1.05660493E2"
Region,"20,897,000",(THO) Cẩm Thủy,Thanh Hóa,234,281409,Xã Cẩm Phong,"3,147",Huyện Cẩm Thủy,"2.02052978E1,1.054904404E2"
Region,"22,420,000",(THO) Sao Vàng,Thanh Hóa,234,281502,Thị trấn Sao Vàng,"1,873",Huyện Thọ Xuân,"1.9873458E1,1.05468822E2"
Region,"20,851,000",(THO) Thọ Xuân,Thanh Hóa,234,281503,Thị trấn Thọ Xuân,"1,873",Huyện Thọ Xuân,"1.99250578E1,1.055245211E2"
Region,"20,851,002",(THO) ĐL Thọ Long 1,Thanh Hóa,234,281506,Xã Nam Giang,"1,873",Huyện Thọ Xuân,"1.9913431E1,1.05537765E2"
Region,"20,851,003",(THO) ĐL Thọ Long,Thanh Hóa,234,281506,Xã Nam Giang,"1,873",Huyện Thọ Xuân,"1.9905524E1,1.05548465E2"
Region,"21,663,000",(THO) ĐL Thọ Long 2,Thanh Hóa,234,281506,Xã Nam Giang,"1,873",Huyện Thọ Xuân,"1.9911426E1,1.05542671E2"
Region,"20,204,000",(THO) Vĩnh Lộc,Thanh Hóa,234,281601,Thị trấn Vĩnh Lộc,"1,881",Huyện Vĩnh Lộc,"2.00592759E1,1.056163728E2"
Region,"21,595,000",(THO) Triệu Sơn,Thanh Hóa,234,281804,Xã Dân Lực,"2,249",Huyện Triệu Sơn,"1.98414164E1,1.055986581E2"
Region,"22,184,000",(THO) ĐL Thọ Phú,Thanh Hóa,234,281835,Xã Xuân Thịnh,"2,249",Huyện Triệu Sơn,"1.9874335E1,1.05561241E2"
Region,"20,240,000",(THO) Nông Cống,Thanh Hóa,234,281901,Thị trấn Nông Cống,"2,181",Huyện Nông Cống,"1.96325978E1,1.056592085E2"
Region,"21,565,000",(THO) ĐL Trung Chính,Thanh Hóa,234,281905,Xã Hoàng Giang,"2,181",Huyện Nông Cống,"1.97095497E1,1.057106009E2"
Region,"21,356,000",(THO) Đông Sơn,Thanh Hóa,234,282001,Thị trấn Rừng Thông,"1,927",Huyện Đông Sơn,"1.9814944E1,1.0572477E2"
Region,"22,419,000",(THO) Hà Trung,Thanh Hóa,234,282101,Thị trấn Hà Trung,"1,877",Huyện Hà Trung,"1.9998261E1,1.0584633E2"
Region,"22,996,000",(THO) Nga Sơn,Thanh Hóa,234,282301,Thị trấn Nga Sơn,"3,241",Huyện Nga Sơn,"2.0008946E1,1.05976414E2"
Region,"20,287,000",(THO) Hậu Lộc,Thanh Hóa,234,282401,Thị trấn Hậu Lộc,"1,942",Huyện Hậu Lộc,"1.9916787E1,1.0588267E2"
Region,"1,317",(THO) Tĩnh Gia,Thanh Hóa,234,282610,Phường Hải Hòa,"1,870",Thị Xã Nghi Sơn,"1.94669341E1,1.05788506E2"
Region,"20,291,000",(THO) Trúc Lâm,Thanh Hóa,234,282633,Xã Tùng Lâm,"1,870",Thị Xã Nghi Sơn,"1.9370872E1,1.057316933E2"
Region,"21,539,000",(THO) ĐL Yên Định 2,Thanh Hóa,234,282701,Thị trấn Quán Lào,"1,875",Huyện Yên Định,"1.9968251E1,1.05643382E2"
Region,"20,166,000",(THO) Yên Định,Thanh Hóa,234,282701,Thị trấn Quán Lào,"1,875",Huyện Yên Định,"1.99643905E1,1.056601108E2"
Region,"20,166,001",(THO) ĐL Yên Định 1,Thanh Hóa,234,282709,Xã Định Long,"1,875",Huyện Yên Định,"1.9982435E1,1.05643578E2"
Region,"22,345,000",(THO) Yên Trường,Thanh Hóa,234,282728,Xã Yên Trung,"1,875",Huyện Yên Định,"2.0022861E1,1.0556364E2"
Region,"20,851,001",(THO) ĐL Thọ Xuân,Thanh Hóa,234,800130,Xã Xuân Hồng,"1,873",Huyện Thọ Xuân,"1.9936165E1,1.05546219E2"
Region,"21,315,000",(THO) Hoằng Hóa 2,Thanh Hóa,234,800141,Thị Trấn Bút Sơn,"1,748",Huyện Hoằng Hóa,"1.98686521E1,1.058551445E2"
Region,"22,866,000",(THO) Hoằng Hóa 1,Thanh Hóa,234,800141,Thị Trấn Bút Sơn,"1,748",Huyện Hoằng Hóa,"1.9849559E1,1.05856421E2"
Region,"21,050,000",(THO) Lưu Vệ,Thanh Hóa,234,800150,Thị Trấn Tân Phong,"1,747",Huyện Quảng Xương,"1.97164826E1,1.057831883E2"
Region,"22,982,000",(THO) Thiệu Hóa,Thanh Hóa,234,800151,Thị Trấn Thiệu Hóa,"3,298",Huyện Thiệu Hóa,"1.9898459E1,1.0568108E2"
Region,"22,456,001",(THO) ĐG Quan Sơn,Thanh Hóa,234,90790,Thị trấn Sơn Lư,"2,000",Huyện Quan Sơn,"2.0254013E1,1.04948554E2"
Region,"23,068,000",(HUE) An Cựu,Thừa Thiên Huế,223,330104,Phường An Tây,"1,585",Thành phố Huế,"1.643199E1,1.075934E2"
Region,"22,127,000",Bưu Cục 352 Lê Duẩn-Phú Thuận-Huế,Thừa Thiên Huế,223,330115,Phường Phú Thuận,"1,585",Thành phố Huế,"1.64692207E1,1.075646241E2"
Region,"21,115,000",Bưu Cục G22 Cao Đình Độ-Phường Trường An-TP Huế,Thừa Thiên Huế,223,330124,Phường Trường An,"1,585",Thành phố Huế,"1.6442524E1,1.07584701E2"
Region,"20,597,000",Bưu Cục 390 Phò Trạch-Phong Điền-Thừa Thiên Huế,Thừa Thiên Huế,223,33021,Thị trấn Phong Điền,"2,193",Huyện Phong Điền,"1.6565158E1,1.07385298E2"
Region,"22,436,000",Bưu Cục 14 Lê Hoàn-Phường Hương Trà-Huế,Thừa Thiên Huế,223,330407,Phường Tứ Hạ,"1,697",Thị xã Hương Trà,"1.6522318E1,1.07478174E2"
Region,"21,115,001",Bưu Cục Thôn Liên Bằng-Xã Hương Thọ-Huế,Thừa Thiên Huế,223,330414,Xã Hương Thọ,"1,697",Thị xã Hương Trà,"1.6376863E1,1.07564545E2"
Region,"21,660,000",Bưu Cục 252 Kinh Dương Vương-Thuận An-Phú Vang-Huế,Thừa Thiên Huế,223,330502,Thị trấn Thuận An,"1,749",Huyện Phú Vang,"1.65352732E1,1.076310144E2"
Region,"20,787,000",Bưu Cục 955 Nguyễn Tất Thành-Hương Thủy-Thừa Thiên Huế,Thừa Thiên Huế,223,330601,Phường Phú Bài,"1,698",Thị xã Hương Thủy,"1.64158959E1,1.076692454E2"
Region,"21,711,000",Bưu Cục 202 Lý Thánh Tông-Phú Lộc-Huế,Thừa Thiên Huế,223,330702,Thị trấn Phú Lộc,"1,882",Huyện Phú Lộc,"1.6272249E1,1.07874465E2"
Region,"21,051,000",Bưu Cục Thôn Quảng Phú-A Lưới-Thừa Thiên Huế,Thừa Thiên Huế,223,330921,Xã Sơn Thủy,"1,885",Huyện A Lưới,"1.6248335E1,1.07255592E2"
Region,"20,787,001",Điểm xử lý hàng Nam Đông-Thừa Thiên Huế,Thừa Thiên Huế,223,800136,Xã Hương Xuân,"3,234",Huyện Nam Đông,"1.6168822E1,1.07715395E2"
Region,"22,854,000",(HAG) Hà Giang 2,Hà Giang,227,50105,Phường Trần Phú,"1,600",Thành phố Hà Giang,"2.2843663E1,1.04983611E2"
Region,"21,586,000",(HAG) Hà Giang 1,Hà Giang,227,50107,Xã Phương Độ,"1,600",Thành phố Hà Giang,"2.28260554E1,1.049606541E2"
Region,"22,852,000",(HAG) Đồng Văn,Hà Giang,227,50201,Thị trấn Đồng Văn,"1,928",Huyện Đồng Văn,"2.3277452E1,1.05346982E2"
Region,"22,852,001",(HAG) ĐG Phố Bảng,Hà Giang,227,50209,Xã Phố Cáo,"1,928",Huyện Đồng Văn,"2.3219327E1,1.05196909E2"
Region,"22,848,000",(HAG) Mèo Vạc,Hà Giang,227,50301,Thị trấn Mèo Vạc,"1,973",Huyện Mèo Vạc,"2.3162226E1,1.05406025E2"
Region,"22,842,000",(HAG) Yên Minh,Hà Giang,227,50401,Thị trấn Yên Minh,"2,053",Huyện Yên Minh,"2.3123063E1,1.05128351E2"
Region,"22,463,000",(HAG) Quản Bạ,Hà Giang,227,50501,Thị trấn Tam Sơn,"1,999",Huyện Quản Bạ,"2.3063761E1,1.0500729E2"
Region,"20,872,000",(HAG) Vị Xuyên,Hà Giang,227,50602,Thị trấn Vị Xuyên,"2,256",Huyện Vị Xuyên,"2.266171E1,1.04988513E2"
Region,"22,856,001",(HAG) ĐG Bắc Mê,Hà Giang,227,50701,Thị trấn Yên Phú,"2,075",Huyện Bắc Mê,"2.2739585E1,1.05313675E2"
Region,"22,856,000",(HAG) Minh Ngọc,Hà Giang,227,50706,Xã Minh Ngọc,"2,075",Huyện Bắc Mê,"2.2773569E1,1.05172592E2"
Region,"21,421,000",(HAG) Hoàng Su Phì,Hà Giang,227,50801,Thị trấn Vinh Quang,"1,945",Huyện Hoàng Su Phì,"2.27408144E1,1.046788737E2"
Region,"21,421,003",(HAG) ĐG Nậm Dịch 2,Hà Giang,227,50810,Xã Nậm Dịch,"1,945",Huyện Hoàng Su Phì,"2.2668E1,1.04699083E2"
Region,"21,421,004",(HAG) ĐG Nậm Dịch 1,Hà Giang,227,50813,Xã Nậm Tỵ,"1,945",Huyện Hoàng Su Phì,"2.2634056E1,1.04738056E2"
Region,"22,997,000",(HAG) Pà Vầy Sủ,Hà Giang,227,50901,Thị trấn Cốc Pài,"2,052",Huyện Xín Mần,"2.268482E1,1.04461729E2"
Region,"20,365,002",(HAG) ĐG Khuôn Lùng,Hà Giang,227,50908,Xã Nà Chì,"2,052",Huyện Xín Mần,"2.2515667E1,1.04507694E2"
Region,"22,282,000",(HAG) Bắc Quang,Hà Giang,227,51001,Thị trấn Việt Quang,"1,893",Huyện Bắc Quang,"2.2404471E1,1.04813235E2"
Region,"22,847,000",(HAG) Vĩnh Tuy,Hà Giang,227,51002,Thị trấn Vĩnh Tuy,"1,893",Huyện Bắc Quang,"2.2268196E1,1.04893244E2"
Region,"20,365,000",(HAG) Quang Bình,Hà Giang,227,51101,Thị trấn Yên Bình,"2,001",Huyện Quang Bình,"2.2413448E1,1.04579224E2"
Region,"22,020,000",(TQU) Minh Xuân 2,Tuyên Quang,228,90105,Phường Tân Hà,"1,601",Thành phố Tuyên Quang,"2.1825232E1,1.05197599E2"
Region,"22,021,000",(TQU) Minh Xuân 1,Tuyên Quang,228,90105,Phường Tân Hà,"1,601",Thành phố Tuyên Quang,"2.1825232E1,1.05197599E2"
Region,"22,887,000",(TQU) Lâm Bình,Tuyên Quang,228,90204,Xã Lăng Can,"1,957",Huyện Lâm Bình,"2.2454764E1,1.05230903E2"
Region,"22,886,000",(TQU) Nà Hang,Tuyên Quang,228,90301,Thị trấn Nà Hang,"1,982",Huyện Na Hang,"2.2336866E1,1.05372164E2"
Region,"21,056,009",(TQU) ĐG Yên Hoa,Tuyên Quang,228,90312,Xã Yên Hoa,"1,982",Huyện Na Hang,"2.2512815E1,1.05480173E2"
Region,"21,056,000",(TQU) Chiêm Hóa,Tuyên Quang,228,90401,Thị trấn Vĩnh Lộc,"3,157",Huyện Chiêm Hóa,"2.2143489E1,1.05262146E2"
Region,"2,393",(TQU) Hàm Yên,Tuyên Quang,228,90501,Thị trấn Tân Yên,"1,941",Huyện Hàm Yên,"2.2039025E1,1.05037502E2"
Region,"22,021,004",(TQU) ĐG Hùng Lợi,Tuyên Quang,228,90608,Xã Hùng Lợi,"1,745",Huyện Yên Sơn,"2.1896361E1,1.05467778E2"
Region,"22,919,000",(TQU) Yên Sơn,Tuyên Quang,228,90624,Xã Thắng Quân,"1,745",Huyện Yên Sơn,"2.1868495E1,1.0514345E2"
Region,"22,021,003",(TQU) ĐG Trung Sơn,Tuyên Quang,228,90628,Xã Trung Sơn,"1,745",Huyện Yên Sơn,"2.1877373E1,1.05428403E2"
Region,"20,881,000",(TQU) Sơn Dương,Tuyên Quang,228,90719,Xã Phúc Ứng,"3,267",Huyện Sơn Dương,"2.169819E1,1.0537408E2"
Region,"21,622,000",(TQU) Sơn Thủy,Tuyên Quang,228,90722,Xã Sơn Nam,"3,267",Huyện Sơn Dương,"2.1552025E1,1.05468158E2"
Region,"22,972,000",(BTR) Sơn Đông,Bến Tre,213,560110,Phường Phú Tân,"1,558",Thành phố Bến Tre,"1.0257911E1,1.06360655E2"
Region,"22,031,000",(BTR) An Hội,Bến Tre,213,560116,Xã Phú Nhuận,"1,558",Thành phố Bến Tre,"1.0201348E1,1.06376701E2"
Region,"22,101,000",(BTR) Phú Túc,Bến Tre,213,56021,Thị trấn Châu Thành,"1,742",Huyện Châu Thành,"1.0307098E1,1.0635986E2"
Region,"21,998,000",(BTR) Tiên Thủy,Bến Tre,213,560221,Xã Tiên Thủy,"1,742",Huyện Châu Thành,"1.0277352E1,1.06279086E2"
Region,"22,876,000",(BTR) Hưng Khánh Trung,Bến Tre,213,560303,Xã Hưng Khánh Trung B,"3,158",Huyện Chợ Lách,"1.0181483E1,1.06233476E2"
Region,"23,030,000",(BTR) Phú Phụng,Bến Tre,213,560307,Xã Sơn Định,"3,158",Huyện Chợ Lách,"1.0266321E1,1.06094299E2"
Region,"22,337,001",(BTR) ĐL Nhuận Phú Tân,Bến Tre,213,560403,Xã Khánh Thạnh Tân,"1,974",Huyện Mỏ Cày Bắc,"1.0114954E1,1.06277653E2"
Region,"22,337,000",(BTR) Phước Mỹ Trung,Bến Tre,213,560406,Xã Phước Mỹ Trung,"1,974",Huyện Mỏ Cày Bắc,"1.02002315E1,1.062779999E2"
Region,"20,153,000",(BTR) Giồng Trôm,Bến Tre,213,560501,Thị trấn Giồng Trôm,"1,937",Huyện Giồng Trôm,"1.0168789E1,1.06495115E2"
Region,"21,583,000",(BTR) Bình Đại,Bến Tre,213,560603,Xã Bình Thới,"1,895",Huyện Bình Đại,"1.0202443E1,1.06686458E2"
Region,"22,868,000",(BTR) Lộc Thuận,Bến Tre,213,560619,Xã Vang Quới Đông,"1,895",Huyện Bình Đại,"1.0229236E1,1.06559977E2"
Region,"22,003,000",(BTR) Ba Tri,Bến Tre,213,560701,Thị trấn Ba Tri,"1,888",Huyện Ba Tri,"1.00480072E1,1.065884583E2"
Region,"21,582,000",(BTR) Thạnh Phú,Bến Tre,213,560807,Xã Bình Thạnh,"2,028",Huyện Thạnh Phú,"9.939122E0,1.0651989E2"
Region,"1,934",(BTR) Mỏ Cày,Bến Tre,213,560901,Thị trấn Mỏ Cày,"1,975",Huyện Mỏ Cày Nam,"1.012045E1,1.06338258E2"
Region,"22,910,000",(BTR) Hương Mỹ,Bến Tre,213,560910,Xã Hương Mỹ,"1,975",Huyện Mỏ Cày Nam,"1.001475E1,1.06405861E2"
Region,"22,387,000",(VLO) Phước Hậu,Vĩnh Long,215,570103,Phường 3,"1,562",Thành phố Vĩnh Long,"1.02343E1,1.05969322E2"
Region,"20,908,000",(VLO) Long Châu,Vĩnh Long,215,570107,Phường 9,"1,562",Thành phố Vĩnh Long,"1.0252272E1,1.05939313E2"
Region,"22,980,000",(VLO) Long Hồ,Vĩnh Long,215,570201,Thị trấn Long Hồ,"1,962",Huyện Long Hồ,"1.0206799E1,1.05997749E2"
Region,"21,665,000",(VLO) Phú Quới,Vĩnh Long,215,570207,Xã Lộc Hòa,"1,962",Huyện Long Hồ,"1.0192528E1,1.05938477E2"
Region,"20,880,000",(VLO) Cái Nhum,Vĩnh Long,215,570301,Thị trấn Cái Nhum,"2,164",Huyện Mang Thít,"1.0174742E1,1.06110886E2"
Region,"21,374,000",(VLO) Cái Vồn,Vĩnh Long,215,570401,Phường Cái Vồn,"2,054",Thị xã Bình Minh,"1.0067264E1,1.05816886E2"
Region,"20,875,000",(VLO) Tam Bình,Vĩnh Long,215,570501,Thị trấn Tam Bình,"2,008",Huyện Tam Bình,"1.0056833E1,1.05994722E2"
Region,"20,478,000",(VLO) Trà Ôn,Vĩnh Long,215,570601,Thị trấn Trà Ôn,"2,034",Huyện Trà Ôn,"9.964779E0,1.05925512E2"
Region,"23,057,000",(VLO) Vĩnh Xuân,Vĩnh Long,215,570613,Xã Vĩnh Xuân,"2,034",Huyện Trà Ôn,"9.964442E0,1.06076958E2"
Region,"22,916,000",(VLO) Trung Thành,Vĩnh Long,215,570715,Xã Trung Hiếu,"2,263",Huyện Vũng Liêm,"1.0078425E1,1.06166231E2"
Region,"20,731,000",(VLO) Tân Quới,Vĩnh Long,215,570807,Xã Tân Quới,"2,081",Huyện Bình Tân,"1.0108488E1,1.0574517E2"
Region,"21,620,000",(TVI) Trà Vinh,Trà Vinh,214,580109,Phường 9,"1,560",Thành phố Trà Vinh,"9.917558E0,1.06330341E2"
Region,"22,522,000",(TVI) Càng Long,Trà Vinh,214,580201,Thị trấn Càng Long,"2,086",Huyện Càng Long,"1.0008834E1,1.0620599E2"
Region,"20,748,000",(TVI) Cầu Kè,Trà Vinh,214,580301,Thị trấn Cầu Kè,"2,091",Huyện Cầu Kè,"9.887881E0,1.06059663E2"
Region,"21,563,000",(TVI) Tiểu Cần,Trà Vinh,214,580408,Xã Phú Cần,"2,020",Huyện Tiểu Cần,"9.818298E0,1.0619509E2"
Region,"22,521,000",(TVI) Châu Thành,Trà Vinh,214,58051,Thị trấn Châu Thành,"1,911",Huyện Châu Thành,"9.884385E0,1.06345592E2"
Region,"21,497,000",(TVI) Trà Cú,Trà Vinh,214,580611,Xã Ngãi Xuyên,"2,033",Huyện Trà Cú,"9.706861E0,1.062594E2"
Region,"22,479,000",(TVI) Cầu Ngang,Trà Vinh,214,580701,Thị trấn Cầu Ngang,"1,908",Huyện Cầu Ngang,"9.810709E0,1.06453244E2"
Region,"2,410",(TVI) Duyên Hải,Trà Vinh,214,580907,Xã Trường Long Hòa,"3,443",Thị xã Duyên Hải,"9.6468369E0,1.065007387E2"
Region,"23,005,000",ĐCL Linehaul Team,Hồ Chí Minh,202,21014,Phường 14,"1,452",Quận 10,
Region,"21,404,000",NutiFood 46 Trung Tựu - Tây Tựu - Bắc Từ Liêm - Hà Nội,Hà Nội,201,11009,Phường Tây Tựu,"1,482",Quận Bắc Từ Liêm,"2.1066167E1,1.057359697E2"
Region,"21,409,000",S&S Glove Ngõ 89 Lê Đức Thọ - Mỹ Đình 2 - Nam Từ Liêm - Hà Nội,Hà Nội,201,13005,Phường Mỹ Đình 2,"3,440",Quận Nam Từ Liêm,"2.10076289E1,1.057938558E2"
Region,"21,412,000",Vascara 224 Bạch Mai - Cầu Đền - Quận Hai Bà Trưng - Hà Nội,Hà Nội,201,1A0305,Phường Cầu Dền,"1,488",Quận Hai Bà Trưng,"2.10051664E1,1.058492249E2"
Region,"21,417,000",Vascara Vincom Times City - gian hàng TN-8A - Vĩnh Tuy - Hai Bà Trưng - Hà Nội,Hà Nội,201,1A0320,Phường Vĩnh Tuy,"1,488",Quận Hai Bà Trưng,"2.10515726E1,1.058103375E2"
Region,"21,393,000",Vascara 65-67 Chùa Bộc - Trung Liệt - Đống Đa - Hà Nội,Hà Nội,201,1A0417,Phường Trung Liệt,"1,486",Quận Đống Đa,"2.10070566E1,1.058265826E2"
Region,"21,394,000",Vascara 248 Cầu Giấy - Quan Hoa - Cầu Giấy - Hà Nội,Hà Nội,201,1A0606,Phường Quan Hoa,"1,485",Quận Cầu Giấy,"2.10344836E1,1.058116949E2"
Region,"21,415,000",Vascara Go Thăng Long - 222 Trần Duy Hưng - Trung Hòa - Cầu giấy - Hà Nội,Hà Nội,201,1A0607,Phường Trung Hoà,"1,485",Quận Cầu Giấy,"2.10400766E1,1.058428176E2"
Region,"21,411,000",Vascara 114 Trần Duy Hưng - Trung Hòa - Cầu Giấy - Hà Nội,Hà Nội,201,1A0607,Phường Trung Hoà,"1,485",Quận Cầu Giấy,"2.1120126E1,1.057421636E2"
Region,"21,416,000",Vascara Vincom Royal City - 72A Nguyễn Trãi - Thanh Xuân - Hà Nội,Hà Nội,201,1A0711,Phường Thượng Đình,"1,493",Quận Thanh Xuân,"2.10419877E1,1.058091193E2"
Region,"21,406,000",NutiFood 36 Thịnh Liệt-Hoàng Mai-Hà Nội,Hà Nội,201,1A0810,Phường Thịnh Liệt,"1,490",Quận Hoàng Mai,"2.10081843E1,1.058712413E2"
Region,"21,413,000",Vascara 7-9 Nguyễn Văn Linh - Gia Thụy - Long Biên - Hà Nội,Hà Nội,201,1A0904,Phường Gia Thụy,"1,491",Quận Long Biên,"2.10400766E1,1.058428176E2"
Region,"21,414,000",Vascara Aeon Long Biên - Long Biên - Hà Nội.,Hà Nội,201,1A0906,Phường Long Biên,"1,491",Quận Long Biên,"2.10400766E1,1.058428176E2"
Region,"21,494,000",NutiFood Hải Bối-Đông Anh-Hà Nội,Hà Nội,201,1A1307,Xã Hải Bối,"1,582",Huyện Đông Anh,"2.11135624E1,1.0578864E2"
Region,"21,587,000",NutiFood Núi Đôi-Sóc Sơn-Hà Nội,Hà Nội,201,1A1401,Thị trấn Sóc Sơn,"1,583",Huyện Sóc Sơn,"2.12572331E1,1.058514202E2"
Region,"21,410,000",S&S Glove Lô 76 và 77 Khu Công nghiệp Nội Bài - Mai Đình -Sóc Sơn - Hà Nội,Hà Nội,201,1A1409,Xã Mai Đình,"1,583",Huyện Sóc Sơn,"2.1120126E1,1.057421636E2"
Region,"21,418,000",Vascara TTTM Aeonmall Hà Đông - Dương Nội - Hà Đông - Hà Nội,Hà Nội,201,1B1503,Phường Dương Nội,"1,542",Quận Hà Đông,"2.10419877E1,1.058091193E2"
Region,"21,405,000",NutiFood Số 9-TT19 Văn Phú - Phú La - Hà Đông - Hà Nội,Hà Nội,201,1B1509,Phường Phú La,"1,542",Quận Hà Đông,"2.09590061E1,1.057689385E2"
Region,"21,408,000",NutiFood 24 Vạn Phúc - Vạn Phúc - Hà Đông - Hà Nội,Hà Nội,201,1B1514,Phường Vạn Phúc,"1,542",Quận Hà Đông,"2.1104742E1,1.057193227E2"
Region,"21,407,000",NutiFood 156 Xuân Quán - Chàng Sơn - Thạch Thất - Hà Nội,Hà Nội,201,1B1907,Xã Chàng Sơn,"1,808",Huyện Thạch Thất,"2.10453915E1,1.056800244E2"
Region,"21,575,000", NutiFood Chương Dương-Thường Tín-Hà Nội,Hà Nội,201,1B2702,Xã Chương Dương,"3,303",Huyện Thường Tín,"2.08483921E1,1.059142435E2"
Region,"22,275,000",NutiFood Xã Nhị Khê - Huyện Thường Tín - Hà Nội,Hà Nội,201,1B2715,Xã Nhị Khê,"3,303",Huyện Thường Tín,"2.0895466E1,1.05850738E2"
Region,"21,392,000",NutiFood chợ Đồng Vàng - Hoàng Long - Phú Xuyên - Hà Nội,Hà Nội,201,1B2808,Xã Hoàng Long,"3,255",Huyện Phú Xuyên,"2.07541997E1,1.058300074E2"
Freight Operations Department,"21,523,000",NutiFood Tế Nông-Nông Cống-Thanh Hóa,Thanh Hóa,234,281915,Xã Tế Thắng,"2,181",Huyện Nông Cống,"1.9685985E1,1.05679278E2"
Freight Operations Department,"21,522,000",NutiFood Quảng Ngọc-Quảng Xương-Thanh Hóa,Thanh Hóa,234,282516,Xã Quảng Ngọc,"1,747",Huyện Quảng Xương,"1.967178E1,1.05760044E2"
Freight Operations Department,"21,524,000",NutiFood Quảng Bình-Quảng Xương-Thanh Hóa,Thanh Hóa,234,282519,Xã Quảng Ninh,"1,747",Huyện Quảng Xương,"1.96814955E1,1.058212963E2"
Freight Operations Department,"21,388,000",TST HuynhDai-Thạch Hà-Hà Tĩnh,Hà Tĩnh,236,300818,Xã Thạch Long,"2,024",Huyện Thạch Hà,"1.8389428E1,1.05843525E2"
Freight Operations Department,"21,548,000",NutiFood KCN Liên Chiểu Mở Rộng-Hòa Hiệp Bắc-Liên Chiều-Đà Nẵng,Đà Nẵng,203,40501,Phường Hòa Hiệp Bắc,"1,530",Quận Liên Chiểu,"1.61257915E1,1.081107264E2"
Freight Operations Department,"21,678,000",Yody 10B KCN Hòa Khánh-Liên Chiểu-Đà Nẵng,Đà Nẵng,203,40503,Phường Hòa Khánh Bắc,"1,530",Quận Liên Chiểu,"1.6083273E1,1.08118927E2"
